datetime,water_temp_c,discharge_cfs,conductance_uscm,dissolved_oxygen_mgl,station,temperature_2m,surface_pressure,precipitation,cloud_cover,discharge_delta_1hr_cfs,discharge_delta_3hr_cfs,discharge_stable_1hr,water_temp_roll_3hr,water_temp_roll_12hr,water_temp_roll_24hr,season,time_of_day,stocked_week_flag,score_water_temp,score_discharge,score_stability,score_dissolved_oxygen,composite_score,condition
2024-06-01 00:00:00+00:00,10.1,668.0,60.0,6.2,buford_dam,22.7,986.0,0.0,100.0,0.0,0.0,1,10.258333333333335,10.706249999999999,10.407291666666667,Summer,Evening,1,3.0,3.0,1.0,1.0,8.0,Good
2024-06-01 00:15:00+00:00,10.1,668.0,60.0,6.2,buford_dam,22.7,986.0,0.0,100.0,0.0,0.0,1,10.225,10.704166666666666,10.394791666666666,Summer,Evening,1,3.0,3.0,1.0,1.0,8.0,Good
2024-06-01 00:30:00+00:00,10.1,668.0,60.0,6.2,buford_dam,22.7,986.0,0.0,100.0,0.0,0.0,1,10.2,10.702083333333334,10.382291666666665,Summer,Evening,1,3.0,3.0,1.0,1.0,8.0,Good
2024-06-01 00:45:00+00:00,10.1,668.0,60.0,6.1,buford_dam,22.7,986.0,0.0,100.0,0.0,0.0,1,10.175,10.697916666666666,10.371875000000001,Summer,Evening,1,3.0,3.0,1.0,1.0,8.0,Good
2024-06-01 01:00:00+00:00,10.1,668.0,61.0,6.1,buford_dam,20.1,987.1,0.0,100.0,0.0,0.0,1,10.15,10.691666666666668,10.364583333333334,Summer,Evening,1,3.0,3.0,1.0,1.0,8.0,Good
2024-06-01 01:15:00+00:00,10.3,2630.0,62.0,7.0,buford_dam,20.1,987.1,0.0,100.0,1962.0,654.0,0,10.15,10.689583333333333,10.360416666666667,Summer,Evening,1,3.0,1.0,0.0,1.0,5.0,Fair
2024-06-01 01:30:00+00:00,11.0,5320.0,66.0,7.9,buford_dam,20.1,987.1,0.0,100.0,4652.0,1550.6666666666667,0,10.208333333333332,10.700000000000001,10.365625,Summer,Evening,1,3.0,0.0,0.0,1.0,4.0,Fair
2024-06-01 01:45:00+00:00,11.2,5940.0,68.0,8.1,buford_dam,20.1,987.1,0.0,100.0,5272.0,1757.3333333333333,0,10.291666666666666,10.7125,10.373958333333333,Summer,Evening,1,3.0,0.0,0.0,2.0,5.0,Fair
2024-06-01 02:00:00+00:00,11.3,5940.0,66.0,8.2,buford_dam,19.8,987.0,0.0,100.0,5272.0,1757.3333333333333,0,10.383333333333333,10.725,10.384375,Summer,Night,1,3.0,0.0,0.0,2.0,5.0,Fair
2024-06-01 02:15:00+00:00,11.4,3800.0,66.0,8.3,buford_dam,19.8,987.0,0.0,100.0,1170.0,1044.0,0,10.491666666666667,10.739583333333334,10.395833333333334,Summer,Night,1,3.0,1.0,0.0,2.0,6.0,Fair
2024-06-01 02:30:00+00:00,11.4,1530.0,66.0,8.4,buford_dam,19.8,987.0,0.0,100.0,-3790.0,287.3333333333333,0,10.6,10.752083333333333,10.408333333333333,Summer,Night,1,3.0,3.0,0.0,2.0,8.0,Good
2024-06-01 02:45:00+00:00,11.3,791.0,67.0,8.7,buford_dam,19.8,987.0,0.0,100.0,-5149.0,41.0,0,10.700000000000001,10.760416666666666,10.419791666666667,Summer,Night,1,3.0,3.0,0.0,2.0,8.0,Good
2024-06-01 03:00:00+00:00,11.0,702.0,67.0,8.4,buford_dam,19.2,987.6,0.0,95.0,-5238.0,11.333333333333334,0,10.774999999999999,10.762500000000001,10.429166666666667,Summer,Night,1,3.0,3.0,0.0,2.0,8.0,Good
2024-06-01 03:15:00+00:00,10.8,677.0,67.0,7.8,buford_dam,19.2,987.6,0.0,95.0,-3123.0,3.0,0,10.833333333333334,10.758333333333333,10.436458333333333,Summer,Night,1,3.0,3.0,0.0,1.0,7.0,Good
2024-06-01 03:30:00+00:00,10.7,668.0,66.0,7.4,buford_dam,19.2,987.6,0.0,95.0,-862.0,0.0,0,10.883333333333333,10.752083333333333,10.44375,Summer,Night,1,3.0,3.0,0.0,1.0,7.0,Good
2024-06-01 03:45:00+00:00,10.6,668.0,64.0,7.1,buford_dam,19.2,987.6,0.0,95.0,-123.0,0.0,1,10.924999999999999,10.741666666666667,10.450000000000001,Summer,Night,1,3.0,3.0,1.0,1.0,8.0,Good
2024-06-01 04:00:00+00:00,10.5,668.0,64.0,6.9,buford_dam,18.2,987.6,0.0,70.0,-34.0,0.0,1,10.958333333333334,10.729166666666666,10.455208333333333,Summer,Night,1,3.0,3.0,1.0,1.0,8.0,Good
2024-06-01 04:15:00+00:00,10.4,668.0,63.0,6.8,buford_dam,18.2,987.6,0.0,70.0,-9.0,-654.0,1,10.966666666666667,10.714583333333332,10.459375,Summer,Night,1,3.0,3.0,1.0,1.0,8.0,Good
2024-06-01 04:30:00+00:00,10.4,668.0,62.0,6.6,buford_dam,18.2,987.6,0.0,70.0,0.0,-1550.6666666666667,1,10.916666666666666,10.700000000000001,10.463541666666666,Summer,Night,1,3.0,3.0,1.0,1.0,8.0,Good
2024-06-01 04:45:00+00:00,10.3,668.0,62.0,6.5,buford_dam,18.2,987.6,0.0,70.0,0.0,-1757.3333333333333,1,10.841666666666667,10.683333333333335,10.466666666666667,Summer,Night,1,3.0,3.0,1.0,1.0,8.0,Good
2024-06-01 05:00:00+00:00,10.3,668.0,61.0,6.5,buford_dam,17.2,987.6,0.0,100.0,0.0,-1757.3333333333333,1,10.758333333333335,10.666666666666666,10.469791666666667,Summer,Night,1,3.0,3.0,1.0,1.0,8.0,Good
2024-06-01 05:15:00+00:00,10.2,668.0,61.0,6.4,buford_dam,17.2,987.6,0.0,100.0,0.0,-1044.0,1,10.658333333333333,10.645833333333334,10.471875,Summer,Night,1,3.0,3.0,1.0,1.0,8.0,Good
2024-06-01 05:30:00+00:00,10.2,668.0,60.0,6.3,buford_dam,17.2,987.6,0.0,100.0,0.0,-287.3333333333333,1,10.558333333333332,10.627083333333333,10.473958333333334,Summer,Night,1,3.0,3.0,1.0,1.0,8.0,Good
2024-06-01 05:45:00+00:00,10.2,668.0,60.0,6.3,buford_dam,17.2,987.6,0.0,100.0,0.0,-41.0,1,10.466666666666667,10.608333333333334,10.476041666666667,Summer,Night,1,3.0,3.0,1.0,1.0,8.0,Good
2024-06-01 06:00:00+00:00,10.2,668.0,60.0,6.3,buford_dam,16.7,987.1,0.0,100.0,0.0,-11.333333333333334,1,10.4,10.589583333333334,10.478125,Summer,Night,1,3.0,3.0,1.0,1.0,8.0,Good
2024-06-01 06:15:00+00:00,10.2,668.0,61.0,6.2,buford_dam,16.7,987.1,0.0,100.0,0.0,-3.0,1,10.35,10.56875,10.480208333333334,Summer,Night,1,3.0,3.0,1.0,1.0,8.0,Good
2024-06-01 06:30:00+00:00,10.1,668.0,60.0,6.2,buford_dam,16.7,987.1,0.0,100.0,0.0,0.0,1,10.299999999999999,10.545833333333334,10.482291666666667,Summer,Night,1,3.0,3.0,1.0,1.0,8.0,Good
2024-06-01 06:45:00+00:00,10.1,668.0,61.0,6.2,buford_dam,16.7,987.1,0.0,100.0,0.0,0.0,1,10.258333333333333,10.525,10.484375,Summer,Night,1,3.0,3.0,1.0,1.0,8.0,Good
2024-06-01 07:00:00+00:00,10.1,668.0,60.0,6.1,buford_dam,16.3,986.8,0.0,100.0,0.0,0.0,1,10.225,10.504166666666666,10.486458333333333,Summer,Night,1,3.0,3.0,1.0,1.0,8.0,Good
2024-06-01 07:15:00+00:00,10.1,668.0,60.0,6.1,buford_dam,16.3,986.8,0.0,100.0,0.0,0.0,1,10.2,10.483333333333333,10.488541666666666,Summer,Night,1,3.0,3.0,1.0,1.0,8.0,Good
2024-06-01 07:30:00+00:00,10.1,668.0,60.0,6.1,buford_dam,16.3,986.8,0.0,100.0,0.0,0.0,1,10.175,10.464583333333334,10.490625,Summer,Night,1,3.0,3.0,1.0,1.0,8.0,Good
2024-06-01 07:45:00+00:00,10.1,668.0,60.0,6.1,buford_dam,16.3,986.8,0.0,100.0,0.0,0.0,1,10.158333333333333,10.447916666666666,10.492708333333335,Summer,Night,1,3.0,3.0,1.0,1.0,8.0,Good
2024-06-01 08:00:00+00:00,10.1,668.0,60.0,6.1,buford_dam,16.1,986.6,0.0,100.0,0.0,0.0,1,10.141666666666666,10.433333333333334,10.494791666666666,Summer,Night,1,3.0,3.0,1.0,1.0,8.0,Good
2024-06-01 08:15:00+00:00,10.1,668.0,60.0,6.1,buford_dam,16.1,986.6,0.0,100.0,0.0,0.0,1,10.133333333333333,10.418750000000001,10.496875,Summer,Night,1,3.0,3.0,1.0,1.0,8.0,Good
2024-06-01 08:30:00+00:00,10.1,668.0,60.0,6.0,buford_dam,16.1,986.6,0.0,100.0,0.0,0.0,1,10.125,10.40625,10.498958333333333,Summer,Night,1,3.0,3.0,1.0,1.0,8.0,Good
2024-06-01 08:45:00+00:00,10.1,668.0,60.0,6.0,buford_dam,16.1,986.6,0.0,100.0,0.0,0.0,1,10.116666666666667,10.395833333333334,10.501041666666667,Summer,Night,1,3.0,3.0,1.0,1.0,8.0,Good
2024-06-01 09:00:00+00:00,10.1,668.0,60.0,6.0,buford_dam,15.8,986.8,0.0,100.0,0.0,0.0,1,10.108333333333333,10.385416666666666,10.503125,Summer,Morning,1,3.0,3.0,1.0,1.0,8.0,Good
2024-06-01 09:15:00+00:00,10.1,668.0,60.0,6.0,buford_dam,15.8,986.8,0.0,100.0,0.0,0.0,1,10.1,10.377083333333333,10.505208333333334,Summer,Morning,1,3.0,3.0,1.0,1.0,8.0,Good
2024-06-01 09:30:00+00:00,10.1,668.0,60.0,6.0,buford_dam,15.8,986.8,0.0,100.0,0.0,0.0,1,10.1,10.370833333333334,10.507291666666665,Summer,Morning,1,3.0,3.0,1.0,1.0,8.0,Good
2024-06-01 09:45:00+00:00,10.0,668.0,60.0,6.0,buford_dam,15.8,986.8,0.0,100.0,0.0,0.0,1,10.091666666666667,10.3625,10.508333333333333,Summer,Morning,1,3.0,3.0,1.0,1.0,8.0,Good
2024-06-01 10:00:00+00:00,10.1,668.0,60.0,6.0,buford_dam,15.4,987.1,0.0,100.0,0.0,0.0,1,10.091666666666667,10.35625,10.510416666666666,Summer,Morning,1,3.0,3.0,1.0,1.0,8.0,Good
2024-06-01 10:15:00+00:00,10.1,668.0,61.0,6.0,buford_dam,15.4,987.1,0.0,100.0,0.0,0.0,1,10.091666666666667,10.352083333333333,10.512500000000001,Summer,Morning,1,3.0,3.0,1.0,1.0,8.0,Good
2024-06-01 10:30:00+00:00,10.1,668.0,61.0,6.0,buford_dam,15.4,987.1,0.0,100.0,0.0,0.0,1,10.091666666666667,10.347916666666666,10.514583333333333,Summer,Morning,1,3.0,3.0,1.0,1.0,8.0,Good
2024-06-01 10:45:00+00:00,10.1,668.0,61.0,6.0,buford_dam,15.4,987.1,0.0,100.0,0.0,0.0,1,10.091666666666667,10.345833333333333,10.516666666666667,Summer,Morning,1,3.0,3.0,1.0,1.0,8.0,Good
2024-06-01 11:00:00+00:00,10.1,668.0,61.0,6.0,buford_dam,15.1,987.6,0.0,100.0,0.0,0.0,1,10.091666666666667,10.34375,10.518749999999999,Summer,Morning,1,3.0,3.0,1.0,1.0,8.0,Good
2024-06-01 11:15:00+00:00,10.1,668.0,60.0,6.1,buford_dam,15.1,987.6,0.0,100.0,0.0,0.0,1,10.091666666666667,10.34375,10.520833333333334,Summer,Morning,1,3.0,3.0,1.0,1.0,8.0,Good
2024-06-01 11:30:00+00:00,10.1,668.0,60.0,6.1,buford_dam,15.1,987.6,0.0,100.0,0.0,0.0,1,10.091666666666667,10.34375,10.522916666666667,Summer,Morning,1,3.0,3.0,1.0,1.0,8.0,Good
2024-06-01 11:45:00+00:00,10.1,668.0,60.0,6.2,buford_dam,15.1,987.6,0.0,100.0,0.0,0.0,1,10.091666666666667,10.343749999999998,10.523958333333335,Summer,Morning,1,3.0,3.0,1.0,1.0,8.0,Good
2024-06-01 12:00:00+00:00,10.1,668.0,60.0,6.3,buford_dam,15.6,988.0,0.0,100.0,0.0,0.0,1,10.091666666666667,10.34375,10.525,Summer,Morning,1,3.0,3.0,1.0,1.0,8.0,Good
2024-06-01 12:15:00+00:00,10.1,668.0,60.0,6.3,buford_dam,15.6,988.0,0.0,100.0,0.0,0.0,1,10.091666666666667,10.34375,10.523958333333333,Summer,Morning,1,3.0,3.0,1.0,1.0,8.0,Good
2024-06-01 12:30:00+00:00,10.1,668.0,60.0,6.4,buford_dam,15.6,988.0,0.0,100.0,0.0,0.0,1,10.091666666666667,10.34375,10.522916666666665,Summer,Morning,1,3.0,3.0,1.0,1.0,8.0,Good
2024-06-01 12:45:00+00:00,10.2,668.0,60.0,6.5,buford_dam,15.6,988.0,0.0,100.0,0.0,0.0,1,10.108333333333333,10.345833333333333,10.521875,Summer,Morning,1,3.0,3.0,1.0,1.0,8.0,Good
2024-06-01 13:00:00+00:00,10.2,668.0,60.0,6.5,buford_dam,16.9,988.5,0.0,100.0,0.0,0.0,1,10.116666666666665,10.347916666666666,10.519791666666666,Summer,Morning,1,3.0,3.0,1.0,1.0,8.0,Good
2024-06-01 13:15:00+00:00,10.2,668.0,60.0,6.5,buford_dam,16.9,988.5,0.0,100.0,0.0,0.0,1,10.125,10.345833333333333,10.517708333333333,Summer,Morning,1,3.0,3.0,1.0,1.0,8.0,Good
2024-06-01 13:30:00+00:00,10.3,668.0,60.0,6.6,buford_dam,16.9,988.5,0.0,100.0,0.0,0.0,1,10.141666666666666,10.33125,10.515625,Summer,Morning,1,3.0,3.0,1.0,1.0,8.0,Good
2024-06-01 13:45:00+00:00,10.4,668.0,60.0,6.7,buford_dam,16.9,988.5,0.0,100.0,0.0,0.0,1,10.166666666666666,10.314583333333333,10.513541666666667,Summer,Morning,1,3.0,3.0,1.0,1.0,8.0,Good
2024-06-01 14:00:00+00:00,10.4,668.0,60.0,6.7,buford_dam,18.9,989.0,0.0,100.0,0.0,0.0,1,10.191666666666668,10.295833333333333,10.510416666666666,Summer,Morning,1,3.0,3.0,1.0,1.0,8.0,Good
2024-06-01 14:15:00+00:00,10.5,668.0,60.0,6.8,buford_dam,18.9,989.0,0.0,100.0,0.0,0.0,1,10.225,10.277083333333332,10.508333333333335,Summer,Morning,1,3.0,3.0,1.0,1.0,8.0,Good
2024-06-01 14:30:00+00:00,10.5,668.0,60.0,6.8,buford_dam,18.9,989.0,0.0,100.0,0.0,0.0,1,10.258333333333333,10.258333333333333,10.505208333333334,Summer,Morning,1,3.0,3.0,1.0,1.0,8.0,Good
2024-06-01 14:45:00+00:00,10.5,668.0,59.0,6.8,buford_dam,18.9,989.0,0.0,100.0,0.0,0.0,1,10.291666666666666,10.241666666666665,10.501041666666667,Summer,Morning,1,3.0,3.0,1.0,1.0,8.0,Good
2024-06-01 15:00:00+00:00,10.5,668.0,59.0,6.8,buford_dam,20.2,988.8,0.0,100.0,0.0,0.0,1,10.325000000000001,10.23125,10.496875000000001,Summer,Afternoon,1,3.0,3.0,1.0,1.0,8.0,Good
2024-06-01 15:15:00+00:00,10.5,668.0,59.0,6.8,buford_dam,20.2,988.8,0.0,100.0,0.0,0.0,1,10.358333333333334,10.225,10.491666666666667,Summer,Afternoon,1,3.0,3.0,1.0,1.0,8.0,Good
2024-06-01 15:30:00+00:00,10.5,668.0,59.0,6.8,buford_dam,20.2,988.8,0.0,100.0,0.0,0.0,1,10.391666666666666,10.220833333333333,10.486458333333333,Summer,Afternoon,1,3.0,3.0,1.0,1.0,8.0,Good
2024-06-01 15:45:00+00:00,10.5,668.0,59.0,6.8,buford_dam,20.2,988.8,0.0,100.0,0.0,0.0,1,10.416666666666666,10.218749999999998,10.480208333333334,Summer,Afternoon,1,3.0,3.0,1.0,1.0,8.0,Good
2024-06-01 16:00:00+00:00,10.5,668.0,59.0,6.8,buford_dam,21.6,988.8,0.0,100.0,0.0,0.0,1,10.441666666666668,10.218749999999998,10.473958333333334,Summer,Afternoon,1,3.0,3.0,1.0,1.0,8.0,Good
2024-06-01 16:15:00+00:00,10.5,668.0,59.0,6.8,buford_dam,21.6,988.8,0.0,100.0,0.0,0.0,1,10.466666666666667,10.220833333333333,10.467708333333333,Summer,Afternoon,1,3.0,3.0,1.0,1.0,8.0,Good
2024-06-01 16:30:00+00:00,10.5,668.0,59.0,6.8,buford_dam,21.6,988.8,0.0,100.0,0.0,0.0,1,10.483333333333334,10.222916666666666,10.461458333333335,Summer,Afternoon,1,3.0,3.0,1.0,1.0,8.0,Good
2024-06-01 16:45:00+00:00,10.5,668.0,59.0,6.8,buford_dam,21.6,988.8,0.0,100.0,0.0,0.0,1,10.491666666666667,10.227083333333333,10.455208333333333,Summer,Afternoon,1,3.0,3.0,1.0,1.0,8.0,Good
2024-06-01 17:00:00+00:00,10.5,668.0,59.0,6.8,buford_dam,21.9,988.2,0.0,100.0,0.0,0.0,1,10.5,10.23125,10.448958333333334,Summer,Afternoon,1,3.0,3.0,1.0,1.0,8.0,Good
2024-06-01 17:15:00+00:00,10.5,668.0,59.0,6.8,buford_dam,21.9,988.2,0.0,100.0,0.0,0.0,1,10.5,10.237499999999999,10.441666666666666,Summer,Afternoon,1,3.0,3.0,1.0,1.0,8.0,Good
2024-06-01 17:30:00+00:00,10.6,668.0,59.0,6.9,buford_dam,21.9,988.2,0.0,100.0,0.0,0.0,1,10.508333333333333,10.245833333333334,10.436458333333333,Summer,Afternoon,1,3.0,3.0,1.0,1.0,8.0,Good
2024-06-01 17:45:00+00:00,10.7,668.0,59.0,6.9,buford_dam,21.9,988.2,0.0,100.0,0.0,0.0,1,10.525,10.25625,10.432291666666666,Summer,Afternoon,1,3.0,3.0,1.0,1.0,8.0,Good
2024-06-01 18:00:00+00:00,10.6,668.0,59.0,6.9,buford_dam,21.7,987.5,0.0,100.0,0.0,0.0,1,10.533333333333333,10.264583333333333,10.427083333333334,Summer,Afternoon,1,3.0,3.0,1.0,1.0,8.0,Good
2024-06-01 18:15:00+00:00,10.6,668.0,59.0,6.8,buford_dam,21.7,987.5,0.0,100.0,0.0,0.0,1,10.541666666666666,10.272916666666665,10.420833333333333,Summer,Afternoon,1,3.0,3.0,1.0,1.0,8.0,Good
2024-06-01 18:30:00+00:00,10.6,668.0,59.0,6.8,buford_dam,21.7,987.5,0.0,100.0,0.0,0.0,1,10.55,10.283333333333333,10.414583333333333,Summer,Afternoon,1,3.0,3.0,1.0,1.0,8.0,Good
2024-06-01 18:45:00+00:00,10.6,668.0,59.0,6.8,buford_dam,21.7,987.5,0.0,100.0,0.0,0.0,1,10.558333333333332,10.293750000000001,10.409374999999999,Summer,Afternoon,1,3.0,3.0,1.0,1.0,8.0,Good
2024-06-01 19:00:00+00:00,10.6,668.0,59.0,6.8,buford_dam,22.2,986.5,0.1,100.0,0.0,0.0,1,10.566666666666665,10.304166666666665,10.404166666666667,Summer,Afternoon,1,3.0,3.0,1.0,1.0,8.0,Good
2024-06-01 19:15:00+00:00,10.5,668.0,59.0,6.8,buford_dam,22.2,986.5,0.1,100.0,0.0,0.0,1,10.566666666666665,10.3125,10.397916666666665,Summer,Afternoon,1,3.0,3.0,1.0,1.0,8.0,Good
2024-06-01 19:30:00+00:00,10.4,677.0,59.0,6.8,buford_dam,22.2,986.5,0.1,100.0,9.0,3.0,1,10.558333333333332,10.31875,10.391666666666666,Summer,Afternoon,1,3.0,3.0,1.0,1.0,8.0,Good
2024-06-01 19:45:00+00:00,10.4,677.0,59.0,6.7,buford_dam,22.2,986.5,0.1,100.0,9.0,3.0,1,10.549999999999999,10.325000000000001,10.386458333333332,Summer,Afternoon,1,3.0,3.0,1.0,1.0,8.0,Good
2024-06-01 20:00:00+00:00,10.3,668.0,59.0,6.7,buford_dam,23.9,985.4,0.0,100.0,0.0,0.0,1,10.533333333333333,10.329166666666667,10.38125,Summer,Afternoon,1,3.0,3.0,1.0,1.0,8.0,Good
2024-06-01 20:15:00+00:00,10.3,668.0,59.0,6.6,buford_dam,23.9,985.4,0.0,100.0,0.0,0.0,1,10.516666666666667,10.333333333333334,10.376041666666666,Summer,Afternoon,1,3.0,3.0,1.0,1.0,8.0,Good
2024-06-01 20:30:00+00:00,10.3,677.0,59.0,6.6,buford_dam,23.9,985.4,0.0,100.0,0.0,3.0,1,10.491666666666667,10.3375,10.371875000000001,Summer,Afternoon,1,3.0,3.0,1.0,1.0,8.0,Good
2024-06-01 20:45:00+00:00,10.2,677.0,59.0,6.6,buford_dam,23.9,985.4,0.0,100.0,0.0,3.0,1,10.45,10.339583333333334,10.367708333333333,Summer,Afternoon,1,3.0,3.0,1.0,1.0,8.0,Good
2024-06-01 21:00:00+00:00,10.2,677.0,59.0,6.6,buford_dam,23.1,984.8,0.0,100.0,9.0,3.0,1,10.416666666666666,10.341666666666667,10.363541666666666,Summer,Evening,1,3.0,3.0,1.0,1.0,8.0,Good
2024-06-01 21:15:00+00:00,10.2,677.0,59.0,6.6,buford_dam,23.1,984.8,0.0,100.0,9.0,3.0,1,10.383333333333335,10.34375,10.360416666666666,Summer,Evening,1,3.0,3.0,1.0,1.0,8.0,Good
2024-06-01 21:30:00+00:00,10.2,677.0,59.0,6.6,buford_dam,23.1,984.8,0.0,100.0,0.0,3.0,1,10.35,10.345833333333333,10.358333333333333,Summer,Evening,1,3.0,3.0,1.0,1.0,8.0,Good
2024-06-01 21:45:00+00:00,10.2,677.0,59.0,6.5,buford_dam,23.1,984.8,0.0,100.0,0.0,3.0,1,10.316666666666666,10.35,10.356250000000001,Summer,Evening,1,3.0,3.0,1.0,1.0,8.0,Good
2024-06-01 22:00:00+00:00,10.2,677.0,59.0,6.5,buford_dam,22.5,984.3,0.0,100.0,0.0,3.0,1,10.283333333333333,10.352083333333333,10.354166666666666,Summer,Evening,1,3.0,3.0,1.0,1.0,8.0,Good
2024-06-01 22:15:00+00:00,10.2,677.0,59.0,6.5,buford_dam,22.5,984.3,0.0,100.0,0.0,3.0,1,10.258333333333335,10.354166666666666,10.353125,Summer,Evening,1,3.0,3.0,1.0,1.0,8.0,Good
2024-06-01 22:30:00+00:00,10.2,677.0,59.0,6.5,buford_dam,22.5,984.3,0.0,100.0,0.0,0.0,1,10.241666666666667,10.356250000000001,10.352083333333333,Summer,Evening,1,3.0,3.0,1.0,1.0,8.0,Good
2024-06-01 22:45:00+00:00,10.2,677.0,59.0,6.5,buford_dam,22.5,984.3,0.0,100.0,0.0,0.0,1,10.225,10.358333333333333,10.352083333333333,Summer,Evening,1,3.0,3.0,1.0,1.0,8.0,Good
2024-06-01 23:00:00+00:00,10.2,677.0,59.0,6.5,buford_dam,22.5,984.1,0.0,61.0,0.0,3.0,1,10.216666666666667,10.360416666666666,10.352083333333335,Summer,Evening,1,3.0,3.0,1.0,1.0,8.0,Good
2024-06-01 23:15:00+00:00,10.2,677.0,59.0,6.4,buford_dam,22.5,984.1,0.0,61.0,0.0,3.0,1,10.208333333333334,10.362499999999999,10.353125,Summer,Evening,1,3.0,3.0,1.0,1.0,8.0,Good
2024-06-01 23:30:00+00:00,10.2,677.0,59.0,6.4,buford_dam,22.5,984.1,0.0,61.0,0.0,0.0,1,10.2,10.364583333333334,10.354166666666666,Summer,Evening,1,3.0,3.0,1.0,1.0,8.0,Good
2024-06-01 23:45:00+00:00,10.1,677.0,59.0,6.3,buford_dam,22.5,984.1,0.0,61.0,0.0,0.0,1,10.191666666666666,10.364583333333334,10.354166666666666,Summer,Evening,1,3.0,3.0,1.0,1.0,8.0,Good
2024-06-02 00:00:00+00:00,10.1,677.0,59.0,6.2,buford_dam,21.5,984.1,0.0,100.0,0.0,0.0,1,10.183333333333332,10.364583333333334,10.354166666666666,Summer,Evening,1,3.0,3.0,1.0,1.0,8.0,Good
2024-06-02 00:15:00+00:00,10.1,677.0,59.0,6.2,buford_dam,21.5,984.1,0.0,100.0,0.0,0.0,1,10.174999999999999,10.364583333333332,10.354166666666666,Summer,Evening,1,3.0,3.0,1.0,1.0,8.0,Good
2024-06-02 00:30:00+00:00,10.0,677.0,59.0,6.1,buford_dam,21.5,984.1,0.0,100.0,0.0,0.0,1,10.158333333333333,10.362499999999999,10.353125,Summer,Evening,1,3.0,3.0,1.0,1.0,8.0,Good
2024-06-02 00:45:00+00:00,10.0,677.0,59.0,6.1,buford_dam,21.5,984.1,0.0,100.0,0.0,0.0,1,10.141666666666667,10.358333333333333,10.352083333333333,Summer,Evening,1,3.0,3.0,1.0,1.0,8.0,Good
2024-06-02 01:00:00+00:00,10.0,677.0,59.0,6.0,buford_dam,20.6,984.6,0.0,100.0,0.0,0.0,1,10.125,10.354166666666666,10.351041666666665,Summer,Evening,1,3.0,3.0,1.0,1.0,8.0,Good
2024-06-02 01:15:00+00:00,10.2,2620.0,61.0,6.9,buford_dam,20.6,984.6,0.0,100.0,1943.0,647.6666666666666,0,10.124999999999998,10.354166666666666,10.35,Summer,Evening,1,3.0,1.0,0.0,1.0,5.0,Fair
2024-06-02 01:30:00+00:00,10.8,5340.0,65.0,7.7,buford_dam,20.6,984.6,0.0,100.0,4663.0,1554.3333333333333,0,10.174999999999999,10.364583333333332,10.347916666666666,Summer,Evening,1,3.0,0.0,0.0,1.0,4.0,Fair
2024-06-02 01:45:00+00:00,11.0,5960.0,68.0,8.0,buford_dam,20.6,984.6,0.0,100.0,5283.0,1761.0,0,10.241666666666667,10.377083333333333,10.345833333333333,Summer,Evening,1,3.0,0.0,0.0,2.0,5.0,Fair
2024-06-02 02:00:00+00:00,11.1,5980.0,66.0,8.1,buford_dam,20.3,984.7,0.0,50.0,5303.0,1767.6666666666667,0,10.316666666666666,10.391666666666667,10.34375,Summer,Night,1,3.0,0.0,0.0,2.0,5.0,Fair
2024-06-02 02:15:00+00:00,11.2,3810.0,66.0,8.1,buford_dam,20.3,984.7,0.0,50.0,1190.0,1044.3333333333333,0,10.4,10.40625,10.341666666666667,Summer,Night,1,3.0,1.0,0.0,2.0,6.0,Fair
2024-06-02 02:30:00+00:00,11.2,1530.0,67.0,8.2,buford_dam,20.3,984.7,0.0,50.0,-3810.0,284.3333333333333,0,10.483333333333333,10.420833333333333,10.339583333333332,Summer,Night,1,3.0,3.0,0.0,2.0,8.0,Good
2024-06-02 02:45:00+00:00,11.0,800.0,67.0,8.6,buford_dam,20.3,984.7,0.0,50.0,-5160.0,41.0,0,10.558333333333332,10.43125,10.336458333333333,Summer,Night,1,3.0,3.0,0.0,2.0,8.0,Good
2024-06-02 03:00:00+00:00,10.8,702.0,66.0,8.2,buford_dam,19.8,984.9,0.0,100.0,-5278.0,8.333333333333334,0,10.616666666666667,10.4375,10.334375,Summer,Night,1,3.0,3.0,0.0,2.0,8.0,Good
2024-06-02 03:15:00+00:00,10.6,677.0,66.0,7.6,buford_dam,19.8,984.9,0.0,100.0,-3133.0,0.0,0,10.658333333333333,10.439583333333333,10.332291666666666,Summer,Night,1,3.0,3.0,0.0,1.0,7.0,Good
2024-06-02 03:30:00+00:00,10.5,677.0,65.0,7.2,buford_dam,19.8,984.9,0.0,100.0,-853.0,0.0,0,10.700000000000001,10.439583333333333,10.330208333333333,Summer,Night,1,3.0,3.0,0.0,1.0,7.0,Good
2024-06-02 03:45:00+00:00,10.4,668.0,64.0,6.9,buford_dam,19.8,984.9,0.0,100.0,-132.0,-3.0,1,10.733333333333333,10.4375,10.328125,Summer,Night,1,3.0,3.0,1.0,1.0,8.0,Good
2024-06-02 04:00:00+00:00,10.3,668.0,63.0,6.7,buford_dam,20.3,984.6,0.0,100.0,-34.0,-3.0,1,10.758333333333333,10.433333333333334,10.326041666666667,Summer,Night,1,3.0,3.0,1.0,1.0,8.0,Good
2024-06-02 04:15:00+00:00,10.3,668.0,62.0,6.6,buford_dam,20.3,984.6,0.0,100.0,-9.0,-650.6666666666666,1,10.766666666666667,10.429166666666667,10.325,Summer,Night,1,3.0,3.0,1.0,1.0,8.0,Good
2024-06-02 04:30:00+00:00,10.2,668.0,61.0,6.4,buford_dam,20.3,984.6,0.0,100.0,-9.0,-1557.3333333333333,1,10.716666666666667,10.422916666666667,10.322916666666666,Summer,Night,1,3.0,3.0,1.0,1.0,8.0,Good
2024-06-02 04:45:00+00:00,10.2,668.0,61.0,6.4,buford_dam,20.3,984.6,0.0,100.0,0.0,-1764.0,1,10.65,10.416666666666666,10.321875,Summer,Night,1,3.0,3.0,1.0,1.0,8.0,Good
2024-06-02 05:00:00+00:00,10.2,668.0,60.0,6.3,buford_dam,19.5,984.1,0.0,100.0,0.0,-1770.6666666666667,1,10.575000000000001,10.410416666666666,10.320833333333333,Summer,Night,1,3.0,3.0,1.0,1.0,8.0,Good
2024-06-02 05:15:00+00:00,10.1,668.0,59.0,6.2,buford_dam,19.5,984.1,0.0,100.0,0.0,-1047.3333333333333,1,10.483333333333333,10.402083333333334,10.319791666666665,Summer,Night,1,3.0,3.0,1.0,1.0,8.0,Good
2024-06-02 05:30:00+00:00,10.1,668.0,59.0,6.2,buford_dam,19.5,984.1,0.0,100.0,0.0,-287.3333333333333,1,10.391666666666666,10.391666666666667,10.31875,Summer,Night,1,3.0,3.0,1.0,1.0,8.0,Good
2024-06-02 05:45:00+00:00,10.0,668.0,58.0,6.1,buford_dam,19.5,984.1,0.0,100.0,0.0,-44.0,1,10.308333333333332,10.377083333333333,10.316666666666666,Summer,Night,1,3.0,3.0,1.0,1.0,8.0,Good
2024-06-02 06:00:00+00:00,10.0,668.0,58.0,6.1,buford_dam,19.1,983.7,0.0,100.0,0.0,-11.333333333333334,1,10.241666666666665,10.364583333333334,10.314583333333333,Summer,Night,1,3.0,3.0,1.0,1.0,8.0,Good
2024-06-02 06:15:00+00:00,10.0,668.0,58.0,6.1,buford_dam,19.1,983.7,0.0,100.0,0.0,-3.0,1,10.191666666666666,10.352083333333335,10.3125,Summer,Night,1,3.0,3.0,1.0,1.0,8.0,Good
2024-06-02 06:30:00+00:00,10.0,668.0,58.0,6.0,buford_dam,19.1,983.7,0.0,100.0,0.0,-3.0,1,10.15,10.339583333333334,10.311458333333333,Summer,Night,1,3.0,3.0,1.0,1.0,8.0,Good
2024-06-02 06:45:00+00:00,10.0,677.0,58.0,6.0,buford_dam,19.1,983.7,0.0,100.0,9.0,3.0,1,10.116666666666665,10.327083333333333,10.310416666666667,Summer,Night,1,3.0,3.0,1.0,1.0,8.0,Good
2024-06-02 07:00:00+00:00,10.0,677.0,58.0,6.0,buford_dam,18.4,984.0,0.4,100.0,9.0,3.0,1,10.091666666666667,10.314583333333333,10.309375000000001,Summer,Night,1,3.0,3.0,1.0,1.0,8.0,Good
2024-06-02 07:15:00+00:00,10.0,668.0,58.0,6.0,buford_dam,18.4,984.0,0.4,100.0,0.0,0.0,1,10.066666666666666,10.304166666666667,10.308333333333334,Summer,Night,1,3.0,3.0,1.0,1.0,8.0,Good
2024-06-02 07:30:00+00:00,10.0,668.0,59.0,6.0,buford_dam,18.4,984.0,0.4,100.0,0.0,0.0,1,10.049999999999999,10.295833333333333,10.307291666666666,Summer,Night,1,3.0,3.0,1.0,1.0,8.0,Good
2024-06-02 07:45:00+00:00,10.0,668.0,59.0,6.0,buford_dam,18.4,984.0,0.4,100.0,-9.0,0.0,1,10.033333333333333,10.2875,10.30625,Summer,Night,1,3.0,3.0,1.0,1.0,8.0,Good
2024-06-02 08:00:00+00:00,10.0,677.0,59.0,5.9,buford_dam,17.6,983.5,0.3,100.0,0.0,3.0,1,10.016666666666666,10.28125,10.305208333333333,Summer,Night,1,3.0,3.0,1.0,0.0,7.0,Good
2024-06-02 08:15:00+00:00,10.0,668.0,59.0,5.9,buford_dam,17.6,983.5,0.3,100.0,0.0,0.0,1,10.008333333333333,10.275,10.304166666666667,Summer,Night,1,3.0,3.0,1.0,0.0,7.0,Good
2024-06-02 08:30:00+00:00,10.0,668.0,59.0,5.9,buford_dam,17.6,983.5,0.3,100.0,0.0,0.0,1,10.0,10.26875,10.303125,Summer,Night,1,3.0,3.0,1.0,0.0,7.0,Good
2024-06-02 08:45:00+00:00,10.0,677.0,58.0,5.9,buford_dam,17.6,983.5,0.3,100.0,9.0,3.0,1,10.0,10.264583333333333,10.302083333333334,Summer,Night,1,3.0,3.0,1.0,0.0,7.0,Good
2024-06-02 09:00:00+00:00,10.0,668.0,58.0,5.9,buford_dam,17.8,983.1,0.0,100.0,-9.0,0.0,1,10.0,10.260416666666666,10.301041666666666,Summer,Morning,1,3.0,3.0,1.0,0.0,7.0,Good
2024-06-02 09:15:00+00:00,10.0,668.0,58.0,5.9,buford_dam,17.8,983.1,0.0,100.0,0.0,0.0,1,10.0,10.25625,10.299999999999999,Summer,Morning,1,3.0,3.0,1.0,0.0,7.0,Good
2024-06-02 09:30:00+00:00,10.0,668.0,58.0,5.9,buford_dam,17.8,983.1,0.0,100.0,0.0,0.0,1,10.0,10.252083333333333,10.298958333333333,Summer,Morning,1,3.0,3.0,1.0,0.0,7.0,Good
2024-06-02 09:45:00+00:00,10.0,668.0,59.0,5.9,buford_dam,17.8,983.1,0.0,100.0,-9.0,-3.0,1,10.0,10.247916666666667,10.298958333333333,Summer,Morning,1,3.0,3.0,1.0,0.0,7.0,Good
2024-06-02 10:00:00+00:00,10.0,677.0,59.0,5.9,buford_dam,17.4,983.4,0.0,100.0,9.0,0.0,1,10.0,10.24375,10.297916666666667,Summer,Morning,1,3.0,3.0,1.0,0.0,7.0,Good
2024-06-02 10:15:00+00:00,10.0,668.0,59.0,5.9,buford_dam,17.4,983.4,0.0,100.0,0.0,0.0,1,10.0,10.239583333333334,10.296875,Summer,Morning,1,3.0,3.0,1.0,0.0,7.0,Good
2024-06-02 10:30:00+00:00,10.0,668.0,59.0,5.9,buford_dam,17.4,983.4,0.0,100.0,0.0,0.0,1,10.0,10.235416666666667,10.295833333333333,Summer,Morning,1,3.0,3.0,1.0,0.0,7.0,Good
2024-06-02 10:45:00+00:00,10.0,677.0,59.0,5.9,buford_dam,17.4,983.4,0.0,100.0,9.0,3.0,1,10.0,10.231250000000001,10.294791666666667,Summer,Morning,1,3.0,3.0,1.0,0.0,7.0,Good
2024-06-02 11:00:00+00:00,10.0,677.0,59.0,5.9,buford_dam,17.4,983.8,0.0,100.0,0.0,0.0,1,10.0,10.227083333333335,10.293750000000001,Summer,Morning,1,3.0,3.0,1.0,0.0,7.0,Good
2024-06-02 11:15:00+00:00,10.0,668.0,60.0,5.9,buford_dam,17.4,983.8,0.0,100.0,0.0,0.0,1,10.0,10.222916666666668,10.292708333333334,Summer,Morning,1,3.0,3.0,1.0,0.0,7.0,Good
2024-06-02 11:30:00+00:00,10.0,668.0,60.0,6.0,buford_dam,17.4,983.8,0.0,100.0,0.0,0.0,1,10.0,10.21875,10.291666666666666,Summer,Morning,1,3.0,3.0,1.0,1.0,8.0,Good
2024-06-02 11:45:00+00:00,10.0,668.0,60.0,6.1,buford_dam,17.4,983.8,0.0,100.0,-9.0,-3.0,1,10.0,10.216666666666667,10.290625,Summer,Morning,1,3.0,3.0,1.0,1.0,8.0,Good
2024-06-02 12:00:00+00:00,10.1,668.0,60.0,6.1,buford_dam,18.0,984.1,0.0,100.0,-9.0,0.0,1,10.008333333333335,10.216666666666667,10.290625,Summer,Morning,1,3.0,3.0,1.0,1.0,8.0,Good
2024-06-02 12:15:00+00:00,10.1,677.0,60.0,6.2,buford_dam,18.0,984.1,0.0,100.0,9.0,3.0,1,10.016666666666667,10.216666666666667,10.290625,Summer,Morning,1,3.0,3.0,1.0,1.0,8.0,Good
2024-06-02 12:30:00+00:00,10.2,677.0,60.0,6.3,buford_dam,18.0,984.1,0.0,100.0,9.0,3.0,1,10.033333333333333,10.220833333333333,10.291666666666666,Summer,Morning,1,3.0,3.0,1.0,1.0,8.0,Good
2024-06-02 12:45:00+00:00,10.2,668.0,59.0,6.5,buford_dam,18.0,984.1,0.0,100.0,0.0,0.0,1,10.049999999999999,10.225,10.291666666666666,Summer,Morning,1,3.0,3.0,1.0,1.0,8.0,Good
2024-06-02 13:00:00+00:00,10.3,668.0,59.0,6.5,buford_dam,20.2,984.6,0.0,100.0,0.0,-3.0,1,10.075000000000001,10.231250000000001,10.292708333333334,Summer,Morning,1,3.0,3.0,1.0,1.0,8.0,Good
2024-06-02 13:15:00+00:00,10.3,668.0,59.0,6.5,buford_dam,20.2,984.6,0.0,100.0,-9.0,0.0,1,10.1,10.233333333333333,10.29375,Summer,Morning,1,3.0,3.0,1.0,1.0,8.0,Good
2024-06-02 13:30:00+00:00,10.3,668.0,59.0,6.6,buford_dam,20.2,984.6,0.0,100.0,-9.0,0.0,1,10.125,10.222916666666668,10.293750000000001,Summer,Morning,1,3.0,3.0,1.0,1.0,8.0,Good
2024-06-02 13:45:00+00:00,10.3,677.0,59.0,6.6,buford_dam,20.2,984.6,0.0,100.0,9.0,0.0,1,10.15,10.208333333333334,10.292708333333334,Summer,Morning,1,3.0,3.0,1.0,1.0,8.0,Good
2024-06-02 14:00:00+00:00,10.4,668.0,59.0,6.7,buford_dam,21.5,984.4,0.0,100.0,0.0,-3.0,1,10.183333333333334,10.19375,10.292708333333332,Summer,Morning,1,3.0,3.0,1.0,1.0,8.0,Good
2024-06-02 14:15:00+00:00,10.4,677.0,59.0,6.7,buford_dam,21.5,984.4,0.0,100.0,9.0,3.0,1,10.216666666666667,10.177083333333334,10.291666666666666,Summer,Morning,1,3.0,3.0,1.0,1.0,8.0,Good
2024-06-02 14:30:00+00:00,10.4,677.0,59.0,6.7,buford_dam,21.5,984.4,0.0,100.0,9.0,3.0,1,10.25,10.160416666666668,10.290625,Summer,Morning,1,3.0,3.0,1.0,1.0,8.0,Good
2024-06-02 14:45:00+00:00,10.4,677.0,59.0,6.7,buford_dam,21.5,984.4,0.0,100.0,0.0,3.0,1,10.283333333333333,10.147916666666667,10.289583333333333,Summer,Morning,1,3.0,3.0,1.0,1.0,8.0,Good
2024-06-02 15:00:00+00:00,10.5,677.0,59.0,6.7,buford_dam,23.3,984.3,0.0,100.0,9.0,3.0,1,10.316666666666666,10.141666666666667,10.289583333333333,Summer,Afternoon,1,3.0,3.0,1.0,1.0,8.0,Good
2024-06-02 15:15:00+00:00,10.5,677.0,59.0,6.7,buford_dam,23.3,984.3,0.0,100.0,0.0,0.0,1,10.35,10.139583333333333,10.289583333333333,Summer,Afternoon,1,3.0,3.0,1.0,1.0,8.0,Good
2024-06-02 15:30:00+00:00,10.5,677.0,59.0,6.7,buford_dam,23.3,984.3,0.0,100.0,0.0,0.0,1,10.375,10.139583333333333,10.289583333333333,Summer,Afternoon,1,3.0,3.0,1.0,1.0,8.0,Good
2024-06-02 15:45:00+00:00,10.4,677.0,59.0,6.7,buford_dam,23.3,984.3,0.0,100.0,0.0,3.0,1,10.391666666666667,10.139583333333333,10.288541666666665,Summer,Afternoon,1,3.0,3.0,1.0,1.0,8.0,Good
2024-06-02 16:00:00+00:00,10.3,677.0,60.0,6.5,buford_dam,24.7,984.2,0.1,100.0,0.0,3.0,1,10.391666666666667,10.139583333333333,10.286458333333334,Summer,Afternoon,1,3.0,3.0,1.0,1.0,8.0,Good
2024-06-02 16:15:00+00:00,10.3,677.0,60.0,6.6,buford_dam,24.7,984.2,0.1,100.0,0.0,3.0,1,10.391666666666667,10.139583333333333,10.284374999999999,Summer,Afternoon,1,3.0,3.0,1.0,1.0,8.0,Good
2024-06-02 16:30:00+00:00,10.4,677.0,59.0,6.6,buford_dam,24.7,984.2,0.1,100.0,0.0,3.0,1,10.4,10.143749999999999,10.283333333333333,Summer,Afternoon,1,3.0,3.0,1.0,1.0,8.0,Good
2024-06-02 16:45:00+00:00,10.3,677.0,59.0,6.6,buford_dam,24.7,984.2,0.1,100.0,0.0,0.0,1,10.4,10.145833333333334,10.28125,Summer,Afternoon,1,3.0,3.0,1.0,1.0,8.0,Good
2024-06-02 17:00:00+00:00,10.3,677.0,59.0,6.6,buford_dam,24.9,983.5,0.1,100.0,0.0,3.0,1,10.391666666666667,10.147916666666667,10.279166666666667,Summer,Afternoon,1,3.0,3.0,1.0,1.0,8.0,Good
2024-06-02 17:15:00+00:00,10.3,677.0,59.0,6.7,buford_dam,24.9,983.5,0.1,100.0,0.0,0.0,1,10.383333333333333,10.152083333333334,10.277083333333332,Summer,Afternoon,1,3.0,3.0,1.0,1.0,8.0,Good
2024-06-02 17:30:00+00:00,10.3,677.0,59.0,6.6,buford_dam,24.9,983.5,0.1,100.0,0.0,0.0,1,10.375000000000002,10.15625,10.273958333333335,Summer,Afternoon,1,3.0,3.0,1.0,1.0,8.0,Good
2024-06-02 17:45:00+00:00,10.2,677.0,59.0,6.5,buford_dam,24.9,983.5,0.1,100.0,0.0,0.0,1,10.358333333333334,10.160416666666666,10.268749999999999,Summer,Afternoon,1,3.0,3.0,1.0,1.0,8.0,Good
2024-06-02 18:00:00+00:00,10.4,677.0,59.0,6.6,buford_dam,23.7,982.8,0.8,100.0,0.0,0.0,1,10.35,10.16875,10.266666666666667,Summer,Afternoon,1,3.0,3.0,1.0,1.0,8.0,Good
2024-06-02 18:15:00+00:00,10.5,677.0,59.0,6.7,buford_dam,23.7,982.8,0.8,100.0,0.0,0.0,1,10.35,10.179166666666665,10.265625,Summer,Afternoon,1,3.0,3.0,1.0,1.0,8.0,Good
2024-06-02 18:30:00+00:00,10.5,677.0,59.0,6.7,buford_dam,23.7,982.8,0.8,100.0,0.0,0.0,1,10.35,10.189583333333333,10.264583333333334,Summer,Afternoon,1,3.0,3.0,1.0,1.0,8.0,Good
2024-06-02 18:45:00+00:00,10.6,677.0,60.0,6.8,buford_dam,23.7,982.8,0.8,100.0,0.0,0.0,1,10.366666666666667,10.202083333333333,10.264583333333333,Summer,Afternoon,1,3.0,3.0,1.0,1.0,8.0,Good
2024-06-02 19:00:00+00:00,10.5,677.0,60.0,6.7,buford_dam,22.8,982.5,3.3,25.0,0.0,0.0,1,10.383333333333333,10.2125,10.263541666666667,Summer,Afternoon,1,3.0,3.0,1.0,1.0,8.0,Good
2024-06-02 19:15:00+00:00,10.4,677.0,60.0,6.6,buford_dam,22.8,982.5,3.3,25.0,0.0,0.0,1,10.391666666666667,10.220833333333333,10.262500000000001,Summer,Afternoon,1,3.0,3.0,1.0,1.0,8.0,Good
2024-06-02 19:30:00+00:00,10.3,677.0,60.0,6.6,buford_dam,22.8,982.5,3.3,25.0,0.0,0.0,1,10.383333333333333,10.227083333333333,10.261458333333334,Summer,Afternoon,1,3.0,3.0,1.0,1.0,8.0,Good
2024-06-02 19:45:00+00:00,10.3,677.0,60.0,6.6,buford_dam,22.8,982.5,3.3,25.0,0.0,0.0,1,10.383333333333335,10.233333333333333,10.260416666666666,Summer,Afternoon,1,3.0,3.0,1.0,1.0,8.0,Good
2024-06-02 20:00:00+00:00,10.3,677.0,60.0,6.5,buford_dam,25.1,981.5,0.1,46.0,0.0,0.0,1,10.383333333333335,10.239583333333334,10.260416666666666,Summer,Afternoon,1,3.0,3.0,1.0,1.0,8.0,Good
2024-06-02 20:15:00+00:00,10.3,677.0,60.0,6.5,buford_dam,25.1,981.5,0.1,46.0,0.0,0.0,1,10.383333333333335,10.245833333333334,10.260416666666666,Summer,Afternoon,1,3.0,3.0,1.0,1.0,8.0,Good
2024-06-02 20:30:00+00:00,10.5,694.0,59.0,6.7,buford_dam,25.1,981.5,0.1,46.0,17.0,5.666666666666667,1,10.4,10.25625,10.2625,Summer,Afternoon,1,3.0,3.0,1.0,1.0,8.0,Good
2024-06-02 20:45:00+00:00,10.6,685.0,59.0,6.8,buford_dam,25.1,981.5,0.1,46.0,8.0,2.6666666666666665,1,10.433333333333332,10.268749999999999,10.266666666666667,Summer,Afternoon,1,3.0,3.0,1.0,1.0,8.0,Good
2024-06-02 21:00:00+00:00,10.6,677.0,59.0,6.7,buford_dam,26.4,980.9,0.2,100.0,0.0,0.0,1,10.450000000000001,10.28125,10.270833333333334,Summer,Evening,1,3.0,3.0,1.0,1.0,8.0,Good
2024-06-02 21:15:00+00:00,10.5,677.0,59.0,6.6,buford_dam,26.4,980.9,0.2,100.0,0.0,0.0,1,10.450000000000001,10.291666666666666,10.273958333333335,Summer,Evening,1,3.0,3.0,1.0,1.0,8.0,Good
2024-06-02 21:30:00+00:00,10.4,677.0,60.0,6.5,buford_dam,26.4,980.9,0.2,100.0,-17.0,0.0,1,10.441666666666668,10.299999999999999,10.276041666666666,Summer,Evening,1,3.0,3.0,1.0,1.0,8.0,Good
2024-06-02 21:45:00+00:00,10.3,677.0,59.0,6.4,buford_dam,26.4,980.9,0.2,100.0,-8.0,0.0,1,10.416666666666668,10.30625,10.277083333333332,Summer,Evening,1,3.0,3.0,1.0,1.0,8.0,Good
2024-06-02 22:00:00+00:00,10.2,677.0,59.0,6.4,buford_dam,24.0,981.1,0.5,45.0,0.0,0.0,1,10.391666666666666,10.310416666666667,10.277083333333334,Summer,Evening,1,3.0,3.0,1.0,1.0,8.0,Good
2024-06-02 22:15:00+00:00,10.2,677.0,59.0,6.3,buford_dam,24.0,981.1,0.5,45.0,0.0,0.0,1,10.375,10.314583333333333,10.277083333333334,Summer,Evening,1,3.0,3.0,1.0,1.0,8.0,Good
2024-06-02 22:30:00+00:00,10.2,677.0,59.0,6.3,buford_dam,24.0,981.1,0.5,45.0,0.0,0.0,1,10.366666666666667,10.31875,10.277083333333334,Summer,Evening,1,3.0,3.0,1.0,1.0,8.0,Good
2024-06-02 22:45:00+00:00,10.1,677.0,59.0,6.3,buford_dam,24.0,981.1,0.5,45.0,0.0,0.0,1,10.35,10.320833333333333,10.276041666666666,Summer,Evening,1,3.0,3.0,1.0,1.0,8.0,Good
2024-06-02 23:00:00+00:00,10.1,677.0,59.0,6.2,buford_dam,23.7,980.9,0.2,30.0,0.0,0.0,1,10.333333333333334,10.322916666666666,10.275,Summer,Evening,1,3.0,3.0,1.0,1.0,8.0,Good
2024-06-02 23:15:00+00:00,10.1,677.0,59.0,6.2,buford_dam,23.7,980.9,0.2,30.0,0.0,0.0,1,10.316666666666666,10.325,10.273958333333335,Summer,Evening,1,3.0,3.0,1.0,1.0,8.0,Good
2024-06-02 23:30:00+00:00,10.1,677.0,59.0,6.2,buford_dam,23.7,980.9,0.2,30.0,0.0,-5.666666666666667,1,10.283333333333333,10.327083333333333,10.272916666666665,Summer,Evening,1,3.0,3.0,1.0,1.0,8.0,Good
2024-06-02 23:45:00+00:00,10.1,677.0,59.0,6.1,buford_dam,23.7,980.9,0.2,30.0,0.0,-2.6666666666666665,1,10.241666666666667,10.329166666666666,10.272916666666665,Summer,Evening,1,3.0,3.0,1.0,1.0,8.0,Good
2024-06-03 00:00:00+00:00,10.0,677.0,59.0,6.1,buford_dam,22.6,981.0,0.0,34.0,0.0,0.0,1,10.191666666666666,10.327083333333333,10.271875,Summer,Evening,1,3.0,3.0,1.0,1.0,8.0,Good
2024-06-03 00:15:00+00:00,10.0,677.0,59.0,6.1,buford_dam,22.6,981.0,0.0,34.0,0.0,0.0,1,10.15,10.325,10.270833333333334,Summer,Evening,1,3.0,3.0,1.0,1.0,8.0,Good
2024-06-03 00:30:00+00:00,10.0,677.0,59.0,6.0,buford_dam,22.6,981.0,0.0,34.0,0.0,0.0,1,10.116666666666667,10.320833333333333,10.270833333333334,Summer,Evening,1,3.0,3.0,1.0,1.0,8.0,Good
2024-06-03 00:45:00+00:00,10.0,677.0,59.0,6.0,buford_dam,22.6,981.0,0.0,34.0,0.0,0.0,1,10.091666666666667,10.316666666666666,10.270833333333334,Summer,Evening,1,3.0,3.0,1.0,1.0,8.0,Good
2024-06-03 01:00:00+00:00,10.0,677.0,59.0,6.0,buford_dam,20.1,981.4,0.0,5.0,0.0,0.0,1,10.075000000000001,10.310416666666667,10.270833333333334,Summer,Evening,1,3.0,3.0,1.0,1.0,8.0,Good
2024-06-03 01:15:00+00:00,10.7,3530.0,63.0,7.7,buford_dam,20.1,981.4,0.0,5.0,2853.0,951.0,0,10.116666666666667,10.31875,10.276041666666666,Summer,Evening,1,3.0,1.0,0.0,1.0,5.0,Fair
2024-06-03 01:30:00+00:00,11.6,7990.0,65.0,8.0,buford_dam,20.1,981.4,0.0,5.0,7313.0,2437.6666666666665,0,10.233333333333333,10.345833333333333,10.284375,Summer,Evening,1,3.0,0.0,0.0,2.0,5.0,Fair
2024-06-03 01:45:00+00:00,11.8,9910.0,64.0,8.0,buford_dam,20.1,981.4,0.0,5.0,9233.0,3077.6666666666665,0,10.375,10.377083333333333,10.292708333333334,Summer,Evening,1,3.0,0.0,0.0,2.0,5.0,Fair
2024-06-03 02:00:00+00:00,11.9,10100.0,64.0,8.0,buford_dam,20.4,981.7,0.0,18.0,9423.0,3141.0,0,10.525,10.408333333333333,10.301041666666666,Summer,Night,1,3.0,0.0,0.0,2.0,5.0,Fair
2024-06-03 02:15:00+00:00,11.9,6760.0,63.0,8.2,buford_dam,20.4,981.7,0.0,18.0,3230.0,2027.6666666666667,0,10.674999999999999,10.439583333333333,10.308333333333332,Summer,Night,1,3.0,0.0,0.0,2.0,5.0,Fair
2024-06-03 02:30:00+00:00,11.9,2770.0,64.0,8.7,buford_dam,20.4,981.7,0.0,18.0,-5220.0,697.6666666666666,0,10.825000000000001,10.470833333333333,10.315625,Summer,Night,1,3.0,1.0,0.0,2.0,6.0,Fair
2024-06-03 02:45:00+00:00,11.7,1050.0,65.0,9.5,buford_dam,20.4,981.7,0.0,18.0,-8860.0,124.33333333333333,0,10.958333333333334,10.497916666666667,10.322916666666666,Summer,Night,1,3.0,3.0,0.0,2.0,8.0,Good
2024-06-03 03:00:00+00:00,11.4,737.0,66.0,9.3,buford_dam,19.7,981.8,0.0,6.0,-9363.0,20.0,0,11.075000000000001,10.516666666666667,10.329166666666666,Summer,Night,1,3.0,3.0,0.0,2.0,8.0,Good
2024-06-03 03:15:00+00:00,11.0,694.0,67.0,8.5,buford_dam,19.7,981.8,0.0,6.0,-6066.0,5.666666666666667,0,11.158333333333333,10.527083333333334,10.333333333333334,Summer,Night,1,3.0,3.0,0.0,2.0,8.0,Good
2024-06-03 03:30:00+00:00,10.8,685.0,65.0,7.9,buford_dam,19.7,981.8,0.0,6.0,-2085.0,2.6666666666666665,0,11.225,10.533333333333333,10.336458333333335,Summer,Night,1,3.0,3.0,0.0,1.0,7.0,Good
2024-06-03 03:45:00+00:00,10.6,677.0,64.0,7.4,buford_dam,19.7,981.8,0.0,6.0,-373.0,0.0,0,11.275,10.5375,10.338541666666666,Summer,Night,1,3.0,3.0,0.0,1.0,7.0,Good
2024-06-03 04:00:00+00:00,10.6,677.0,63.0,7.1,buford_dam,18.8,982.2,0.0,18.0,-60.0,0.0,1,11.325000000000001,10.543750000000001,10.341666666666667,Summer,Night,1,3.0,3.0,1.0,1.0,8.0,Good
2024-06-03 04:15:00+00:00,10.5,677.0,62.0,6.9,buford_dam,18.8,982.2,0.0,18.0,-17.0,-951.0,1,11.308333333333332,10.547916666666667,10.34375,Summer,Night,1,3.0,3.0,1.0,1.0,8.0,Good
2024-06-03 04:30:00+00:00,10.4,677.0,61.0,6.7,buford_dam,18.8,982.2,0.0,18.0,-8.0,-2437.6666666666665,1,11.208333333333334,10.547916666666667,10.345833333333333,Summer,Night,1,3.0,3.0,1.0,1.0,8.0,Good
2024-06-03 04:45:00+00:00,10.3,677.0,60.0,6.5,buford_dam,18.8,982.2,0.0,18.0,0.0,-3077.6666666666665,1,11.083333333333334,10.547916666666667,10.346874999999999,Summer,Night,1,3.0,3.0,1.0,1.0,8.0,Good
2024-06-03 05:00:00+00:00,10.3,677.0,60.0,6.4,buford_dam,18.6,981.3,0.0,15.0,0.0,-3141.0,1,10.950000000000001,10.547916666666667,10.347916666666666,Summer,Night,1,3.0,3.0,1.0,1.0,8.0,Good
2024-06-03 05:15:00+00:00,10.2,677.0,59.0,6.3,buford_dam,18.6,981.3,0.0,15.0,0.0,-2027.6666666666667,1,10.808333333333332,10.545833333333333,10.348958333333334,Summer,Night,1,3.0,3.0,1.0,1.0,8.0,Good
2024-06-03 05:30:00+00:00,10.2,685.0,59.0,6.2,buford_dam,18.6,981.3,0.0,15.0,8.0,-695.0,1,10.666666666666666,10.54375,10.35,Summer,Night,1,3.0,3.0,1.0,1.0,8.0,Good
2024-06-03 05:45:00+00:00,10.1,685.0,59.0,6.2,buford_dam,18.6,981.3,0.0,15.0,8.0,-121.66666666666667,1,10.533333333333333,10.541666666666666,10.351041666666665,Summer,Night,1,3.0,3.0,1.0,1.0,8.0,Good
2024-06-03 06:00:00+00:00,10.1,685.0,59.0,6.1,buford_dam,18.4,981.1,0.1,34.0,8.0,-17.333333333333332,1,10.424999999999999,10.535416666666666,10.352083333333333,Summer,Night,1,3.0,3.0,1.0,1.0,8.0,Good
2024-06-03 06:15:00+00:00,10.1,685.0,59.0,6.1,buford_dam,18.4,981.1,0.1,34.0,8.0,-3.0,1,10.35,10.527083333333334,10.353125,Summer,Night,1,3.0,3.0,1.0,1.0,8.0,Good
2024-06-03 06:30:00+00:00,10.1,685.0,59.0,6.1,buford_dam,18.4,981.1,0.1,34.0,0.0,0.0,1,10.291666666666666,10.51875,10.354166666666666,Summer,Night,1,3.0,3.0,1.0,1.0,8.0,Good
2024-06-03 06:45:00+00:00,10.1,685.0,59.0,6.0,buford_dam,18.4,981.1,0.1,34.0,0.0,2.6666666666666665,1,10.25,10.508333333333333,10.355208333333334,Summer,Night,1,3.0,3.0,1.0,1.0,8.0,Good
2024-06-03 07:00:00+00:00,10.1,677.0,59.0,6.0,buford_dam,18.2,980.6,0.0,36.0,-8.0,0.0,1,10.208333333333334,10.5,10.35625,Summer,Night,1,3.0,3.0,1.0,1.0,8.0,Good
2024-06-03 07:15:00+00:00,10.1,677.0,59.0,6.0,buford_dam,18.2,980.6,0.0,36.0,-8.0,0.0,1,10.175,10.49375,10.357291666666667,Summer,Night,1,3.0,3.0,1.0,1.0,8.0,Good
2024-06-03 07:30:00+00:00,10.1,677.0,59.0,5.9,buford_dam,18.2,980.6,0.0,36.0,-8.0,0.0,1,10.15,10.489583333333334,10.358333333333333,Summer,Night,1,3.0,3.0,1.0,0.0,7.0,Good
2024-06-03 07:45:00+00:00,10.1,677.0,60.0,5.9,buford_dam,18.2,980.6,0.0,36.0,-8.0,0.0,1,10.133333333333333,10.485416666666667,10.359375,Summer,Night,1,3.0,3.0,1.0,0.0,7.0,Good
2024-06-03 08:00:00+00:00,10.1,677.0,60.0,5.9,buford_dam,17.8,980.9,0.0,69.0,0.0,0.0,1,10.116666666666665,10.48125,10.360416666666667,Summer,Night,1,3.0,3.0,1.0,0.0,7.0,Good
2024-06-03 08:15:00+00:00,10.1,677.0,60.0,5.9,buford_dam,17.8,980.9,0.0,69.0,0.0,0.0,1,10.108333333333333,10.477083333333333,10.361458333333333,Summer,Night,1,3.0,3.0,1.0,0.0,7.0,Good
2024-06-03 08:30:00+00:00,10.0,677.0,60.0,5.9,buford_dam,17.8,980.9,0.0,69.0,0.0,-2.6666666666666665,1,10.091666666666667,10.466666666666667,10.361458333333333,Summer,Night,1,3.0,3.0,1.0,0.0,7.0,Good
2024-06-03 08:45:00+00:00,10.0,677.0,59.0,5.9,buford_dam,17.8,980.9,0.0,69.0,0.0,-2.6666666666666665,1,10.083333333333334,10.454166666666667,10.361458333333333,Summer,Night,1,3.0,3.0,1.0,0.0,7.0,Good
2024-06-03 09:00:00+00:00,10.0,677.0,59.0,5.9,buford_dam,17.9,980.8,0.0,63.0,0.0,-2.6666666666666665,1,10.075,10.441666666666666,10.361458333333333,Summer,Morning,1,3.0,3.0,1.0,0.0,7.0,Good
2024-06-03 09:15:00+00:00,10.0,677.0,59.0,5.9,buford_dam,17.9,980.8,0.0,63.0,0.0,-2.6666666666666665,1,10.066666666666666,10.43125,10.361458333333333,Summer,Morning,1,3.0,3.0,1.0,0.0,7.0,Good
2024-06-03 09:30:00+00:00,10.0,677.0,59.0,5.9,buford_dam,17.9,980.8,0.0,63.0,0.0,-2.6666666666666665,1,10.058333333333332,10.422916666666667,10.361458333333333,Summer,Morning,1,3.0,3.0,1.0,0.0,7.0,Good
2024-06-03 09:45:00+00:00,10.0,677.0,59.0,5.8,buford_dam,17.9,980.8,0.0,63.0,0.0,-2.6666666666666665,1,10.049999999999999,10.416666666666666,10.361458333333333,Summer,Morning,1,3.0,3.0,1.0,0.0,7.0,Good
2024-06-03 10:00:00+00:00,10.0,677.0,59.0,5.8,buford_dam,17.0,981.5,0.0,80.0,0.0,0.0,1,10.041666666666666,10.4125,10.361458333333333,Summer,Morning,1,3.0,3.0,1.0,0.0,7.0,Good
2024-06-03 10:15:00+00:00,10.0,677.0,59.0,5.8,buford_dam,17.0,981.5,0.0,80.0,0.0,0.0,1,10.033333333333333,10.408333333333333,10.361458333333333,Summer,Morning,1,3.0,3.0,1.0,0.0,7.0,Good
2024-06-03 10:30:00+00:00,10.0,677.0,59.0,5.8,buford_dam,17.0,981.5,0.0,80.0,0.0,0.0,1,10.025,10.404166666666667,10.361458333333333,Summer,Morning,1,3.0,3.0,1.0,0.0,7.0,Good
2024-06-03 10:45:00+00:00,10.0,677.0,59.0,5.8,buford_dam,17.0,981.5,0.0,80.0,0.0,0.0,1,10.016666666666666,10.402083333333334,10.361458333333333,Summer,Morning,1,3.0,3.0,1.0,0.0,7.0,Good
2024-06-03 11:00:00+00:00,10.0,677.0,59.0,5.9,buford_dam,18.0,981.8,0.0,73.0,0.0,0.0,1,10.008333333333333,10.4,10.361458333333333,Summer,Morning,1,3.0,3.0,1.0,0.0,7.0,Good
2024-06-03 11:15:00+00:00,10.0,677.0,60.0,5.9,buford_dam,18.0,981.8,0.0,73.0,0.0,0.0,1,10.0,10.397916666666667,10.361458333333333,Summer,Morning,1,3.0,3.0,1.0,0.0,7.0,Good
2024-06-03 11:30:00+00:00,10.1,677.0,60.0,5.9,buford_dam,18.0,981.8,0.0,73.0,0.0,0.0,1,10.008333333333335,10.397916666666665,10.362499999999999,Summer,Morning,1,3.0,3.0,1.0,0.0,7.0,Good
2024-06-03 11:45:00+00:00,10.1,677.0,60.0,6.0,buford_dam,18.0,981.8,0.0,73.0,0.0,0.0,1,10.016666666666667,10.397916666666667,10.363541666666666,Summer,Morning,1,3.0,3.0,1.0,1.0,8.0,Good
2024-06-03 12:00:00+00:00,10.1,677.0,60.0,6.0,buford_dam,19.2,982.3,0.0,91.0,0.0,0.0,1,10.025,10.4,10.363541666666666,Summer,Morning,1,3.0,3.0,1.0,1.0,8.0,Good
2024-06-03 12:15:00+00:00,10.1,677.0,59.0,6.1,buford_dam,19.2,982.3,0.0,91.0,0.0,0.0,1,10.033333333333333,10.402083333333334,10.363541666666668,Summer,Morning,1,3.0,3.0,1.0,1.0,8.0,Good
2024-06-03 12:30:00+00:00,10.1,677.0,59.0,6.2,buford_dam,19.2,982.3,0.0,91.0,0.0,0.0,1,10.041666666666666,10.404166666666667,10.362499999999999,Summer,Morning,1,3.0,3.0,1.0,1.0,8.0,Good
2024-06-03 12:45:00+00:00,10.1,677.0,59.0,6.2,buford_dam,19.2,982.3,0.0,91.0,0.0,0.0,1,10.049999999999999,10.40625,10.361458333333333,Summer,Morning,1,3.0,3.0,1.0,1.0,8.0,Good
2024-06-03 13:00:00+00:00,10.2,677.0,59.0,6.3,buford_dam,20.8,982.2,0.0,92.0,0.0,0.0,1,10.066666666666666,10.410416666666668,10.360416666666667,Summer,Morning,1,3.0,3.0,1.0,1.0,8.0,Good
2024-06-03 13:15:00+00:00,10.2,677.0,59.0,6.4,buford_dam,20.8,982.2,0.0,92.0,0.0,0.0,1,10.083333333333334,10.4,10.359375,Summer,Morning,1,3.0,3.0,1.0,1.0,8.0,Good
2024-06-03 13:30:00+00:00,10.4,677.0,59.0,6.5,buford_dam,20.8,982.2,0.0,92.0,0.0,0.0,1,10.116666666666667,10.375,10.360416666666667,Summer,Morning,1,3.0,3.0,1.0,1.0,8.0,Good
2024-06-03 13:45:00+00:00,10.4,677.0,59.0,6.6,buford_dam,20.8,982.2,0.0,92.0,0.0,0.0,1,10.15,10.345833333333333,10.361458333333333,Summer,Morning,1,3.0,3.0,1.0,1.0,8.0,Good
2024-06-03 14:00:00+00:00,10.5,677.0,59.0,6.6,buford_dam,22.6,982.2,0.0,99.0,0.0,0.0,1,10.191666666666666,10.316666666666668,10.3625,Summer,Morning,1,3.0,3.0,1.0,1.0,8.0,Good
2024-06-03 14:15:00+00:00,10.6,677.0,59.0,6.7,buford_dam,22.6,982.2,0.0,99.0,0.0,0.0,1,10.241666666666667,10.289583333333333,10.364583333333334,Summer,Morning,1,3.0,3.0,1.0,1.0,8.0,Good
2024-06-03 14:30:00+00:00,10.7,677.0,59.0,6.7,buford_dam,22.6,982.2,0.0,99.0,0.0,0.0,1,10.291666666666666,10.264583333333333,10.367708333333333,Summer,Morning,1,3.0,3.0,1.0,1.0,8.0,Good
2024-06-03 14:45:00+00:00,10.8,677.0,59.0,6.7,buford_dam,22.6,982.2,0.0,99.0,0.0,0.0,1,10.35,10.245833333333334,10.371875000000001,Summer,Morning,1,3.0,3.0,1.0,1.0,8.0,Good
2024-06-03 15:00:00+00:00,10.9,677.0,59.0,6.7,buford_dam,24.1,982.3,0.0,26.0,0.0,0.0,1,10.416666666666666,10.235416666666667,10.376041666666667,Summer,Afternoon,1,3.0,3.0,1.0,1.0,8.0,Good
2024-06-03 15:15:00+00:00,11.0,677.0,59.0,6.8,buford_dam,24.1,982.3,0.0,26.0,0.0,0.0,1,10.491666666666665,10.235416666666667,10.38125,Summer,Afternoon,1,3.0,3.0,1.0,1.0,8.0,Good
2024-06-03 15:30:00+00:00,11.1,677.0,59.0,6.8,buford_dam,24.1,982.3,0.0,26.0,0.0,0.0,1,10.575000000000001,10.241666666666665,10.387500000000001,Summer,Afternoon,1,3.0,3.0,1.0,1.0,8.0,Good
2024-06-03 15:45:00+00:00,11.2,677.0,60.0,6.8,buford_dam,24.1,982.3,0.0,26.0,0.0,0.0,1,10.666666666666666,10.254166666666666,10.395833333333334,Summer,Afternoon,1,3.0,3.0,1.0,1.0,8.0,Good
2024-06-03 16:00:00+00:00,11.2,677.0,60.0,6.8,buford_dam,25.5,981.9,0.0,100.0,0.0,0.0,1,10.75,10.266666666666667,10.405208333333333,Summer,Afternoon,1,3.0,3.0,1.0,1.0,8.0,Good
2024-06-03 16:15:00+00:00,11.2,677.0,60.0,6.8,buford_dam,25.5,981.9,0.0,100.0,0.0,0.0,1,10.833333333333334,10.28125,10.414583333333333,Summer,Afternoon,1,3.0,3.0,1.0,1.0,8.0,Good
2024-06-03 16:30:00+00:00,11.2,677.0,60.0,6.8,buford_dam,25.5,981.9,0.0,100.0,0.0,0.0,1,10.899999999999999,10.297916666666667,10.422916666666667,Summer,Afternoon,1,3.0,3.0,1.0,1.0,8.0,Good
2024-06-03 16:45:00+00:00,11.4,677.0,60.0,6.8,buford_dam,25.5,981.9,0.0,100.0,0.0,0.0,1,10.983333333333334,10.320833333333333,10.434375,Summer,Afternoon,1,3.0,3.0,1.0,1.0,8.0,Good
2024-06-03 17:00:00+00:00,11.3,677.0,60.0,6.8,buford_dam,25.7,981.1,0.0,98.0,0.0,0.0,1,11.049999999999999,10.341666666666667,10.444791666666667,Summer,Afternoon,1,3.0,3.0,1.0,1.0,8.0,Good
2024-06-03 17:15:00+00:00,11.3,677.0,60.0,6.8,buford_dam,25.7,981.1,0.0,98.0,0.0,0.0,1,11.108333333333333,10.364583333333334,10.455208333333333,Summer,Afternoon,1,3.0,3.0,1.0,1.0,8.0,Good
2024-06-03 17:30:00+00:00,11.3,677.0,60.0,6.8,buford_dam,25.7,981.1,0.0,98.0,0.0,0.0,1,11.158333333333333,10.387500000000001,10.465625,Summer,Afternoon,1,3.0,3.0,1.0,1.0,8.0,Good
2024-06-03 17:45:00+00:00,11.4,677.0,60.0,6.9,buford_dam,25.7,981.1,0.0,98.0,0.0,0.0,1,11.208333333333334,10.414583333333333,10.478125,Summer,Afternoon,1,3.0,3.0,1.0,1.0,8.0,Good
2024-06-03 18:00:00+00:00,11.4,677.0,60.0,6.9,buford_dam,26.5,980.6,0.0,41.0,0.0,0.0,1,11.25,10.441666666666668,10.488541666666666,Summer,Afternoon,1,3.0,3.0,1.0,1.0,8.0,Good
2024-06-03 18:15:00+00:00,11.4,677.0,60.0,6.9,buford_dam,26.5,980.6,0.0,41.0,0.0,0.0,1,11.283333333333333,10.46875,10.497916666666667,Summer,Afternoon,1,3.0,3.0,1.0,1.0,8.0,Good
2024-06-03 18:30:00+00:00,11.3,677.0,60.0,6.8,buford_dam,26.5,980.6,0.0,41.0,0.0,0.0,1,11.299999999999999,10.49375,10.50625,Summer,Afternoon,1,3.0,3.0,1.0,1.0,8.0,Good
2024-06-03 18:45:00+00:00,11.1,677.0,60.0,6.8,buford_dam,26.5,980.6,0.0,41.0,0.0,0.0,1,11.291666666666666,10.514583333333333,10.511458333333334,Summer,Afternoon,1,3.0,3.0,1.0,1.0,8.0,Good
2024-06-03 19:00:00+00:00,10.9,677.0,60.0,6.7,buford_dam,27.4,979.8,0.1,92.0,0.0,0.0,1,11.266666666666667,10.53125,10.515625,Summer,Afternoon,1,3.0,3.0,1.0,1.0,8.0,Good
2024-06-03 19:15:00+00:00,10.8,677.0,60.0,6.7,buford_dam,27.4,979.8,0.1,92.0,0.0,0.0,1,11.233333333333334,10.545833333333334,10.519791666666666,Summer,Afternoon,1,3.0,3.0,1.0,1.0,8.0,Good
2024-06-03 19:30:00+00:00,10.8,677.0,60.0,6.7,buford_dam,27.4,979.8,0.1,92.0,0.0,0.0,1,11.200000000000001,10.560416666666667,10.525,Summer,Afternoon,1,3.0,3.0,1.0,1.0,8.0,Good
2024-06-03 19:45:00+00:00,10.8,677.0,60.0,6.7,buford_dam,27.4,979.8,0.1,92.0,0.0,0.0,1,11.15,10.575,10.530208333333334,Summer,Afternoon,1,3.0,3.0,1.0,1.0,8.0,Good
2024-06-03 20:00:00+00:00,10.8,677.0,60.0,6.7,buford_dam,27.6,978.9,0.0,88.0,0.0,0.0,1,11.108333333333334,10.589583333333334,10.535416666666666,Summer,Afternoon,1,3.0,3.0,1.0,1.0,8.0,Good
2024-06-03 20:15:00+00:00,10.7,677.0,60.0,6.6,buford_dam,27.6,978.9,0.0,88.0,0.0,0.0,1,11.058333333333332,10.602083333333333,10.539583333333335,Summer,Afternoon,1,3.0,3.0,1.0,1.0,8.0,Good
2024-06-03 20:30:00+00:00,10.6,677.0,60.0,6.6,buford_dam,27.6,978.9,0.0,88.0,0.0,0.0,1,11.0,10.614583333333334,10.540625,Summer,Afternoon,1,3.0,3.0,1.0,1.0,8.0,Good
2024-06-03 20:45:00+00:00,10.6,677.0,60.0,6.6,buford_dam,27.6,978.9,0.0,88.0,0.0,0.0,1,10.933333333333332,10.627083333333333,10.540625,Summer,Afternoon,1,3.0,3.0,1.0,1.0,8.0,Good
2024-06-03 21:00:00+00:00,10.5,711.0,60.0,6.5,buford_dam,27.3,978.4,0.3,30.0,34.0,11.333333333333334,1,10.858333333333334,10.6375,10.539583333333333,Summer,Evening,1,3.0,3.0,1.0,1.0,8.0,Good
2024-06-03 21:15:00+00:00,10.2,2320.0,61.0,6.6,buford_dam,27.3,978.4,0.3,30.0,1643.0,547.6666666666666,0,10.758333333333333,10.641666666666667,10.536458333333334,Summer,Evening,1,3.0,2.0,0.0,1.0,6.0,Fair
2024-06-03 21:30:00+00:00,10.8,4100.0,64.0,8.4,buford_dam,27.3,978.4,0.3,30.0,3423.0,1141.0,0,10.716666666666667,10.658333333333333,10.540625,Summer,Evening,1,3.0,0.0,0.0,2.0,5.0,Fair
2024-06-03 21:45:00+00:00,10.9,4300.0,68.0,8.7,buford_dam,27.3,978.4,0.3,30.0,3623.0,1207.6666666666667,0,10.700000000000001,10.677083333333334,10.546875,Summer,Evening,1,3.0,0.0,0.0,2.0,5.0,Fair
2024-06-03 22:00:00+00:00,11.1,4330.0,69.0,8.8,buford_dam,25.4,978.3,1.9,56.0,3619.0,1217.6666666666667,0,10.716666666666667,10.700000000000001,10.55625,Summer,Evening,1,3.0,0.0,0.0,2.0,5.0,Fair
2024-06-03 22:15:00+00:00,11.2,6310.0,68.0,9.1,buford_dam,25.4,978.3,1.9,56.0,3990.0,1877.6666666666667,0,10.75,10.725,10.566666666666666,Summer,Evening,1,3.0,0.0,0.0,2.0,5.0,Fair
2024-06-03 22:30:00+00:00,11.4,7170.0,68.0,9.1,buford_dam,25.4,978.3,1.9,56.0,3070.0,2164.3333333333335,0,10.799999999999999,10.754166666666668,10.579166666666667,Summer,Evening,1,3.0,0.0,0.0,2.0,5.0,Fair
2024-06-03 22:45:00+00:00,11.5,7260.0,67.0,9.1,buford_dam,25.4,978.3,1.9,56.0,2960.0,2194.3333333333335,0,10.858333333333334,10.785416666666668,10.59375,Summer,Evening,1,3.0,0.0,0.0,2.0,5.0,Fair
2024-06-03 23:00:00+00:00,11.6,7330.0,67.0,9.2,buford_dam,24.5,977.8,0.0,92.0,3000.0,2217.6666666666665,0,10.924999999999999,10.81875,10.609375,Summer,Evening,1,3.0,0.0,0.0,2.0,5.0,Fair
2024-06-03 23:15:00+00:00,11.9,9040.0,66.0,8.9,buford_dam,24.5,977.8,0.0,92.0,2730.0,2787.6666666666665,0,11.025,10.858333333333334,10.628124999999999,Summer,Evening,1,3.0,0.0,0.0,2.0,5.0,Fair
2024-06-03 23:30:00+00:00,12.1,9980.0,64.0,8.4,buford_dam,24.5,977.8,0.0,92.0,2810.0,3101.0,0,11.15,10.9,10.648958333333335,Summer,Evening,1,3.0,0.0,0.0,2.0,5.0,Fair
2024-06-03 23:45:00+00:00,12.1,10200.0,65.0,8.3,buford_dam,24.5,977.8,0.0,92.0,2940.0,3174.3333333333335,0,11.274999999999999,10.941666666666668,10.669791666666667,Summer,Evening,1,3.0,0.0,0.0,2.0,5.0,Fair
