datetime,water_temp_c,discharge_cfs,conductance_uscm,turbidity_fnu,station,temperature_2m,surface_pressure,precipitation,cloud_cover,discharge_delta_1hr_cfs,discharge_delta_3hr_cfs,discharge_stable_1hr,water_temp_roll_3hr,water_temp_roll_12hr,water_temp_roll_24hr,season,time_of_day,stocked_week_flag,score_water_temp,score_discharge,score_turbidity,composite_score,condition
2024-06-01 00:00:00+00:00,15.0,803.0,73.0,1.6,medlock_bridge,23.3,989.5,0.0,100.0,-4.0,-7.666666666666667,1,14.850000000000001,13.502083333333333,13.012500000000001,Summer,Evening,1,3.0,2.0,2.0,7.0,Good
2024-06-01 00:15:00+00:00,15.0,803.0,74.0,1.6,medlock_bridge,23.3,989.5,0.0,100.0,-4.0,-8.333333333333334,1,14.883333333333335,13.564583333333333,13.00625,Summer,Evening,1,3.0,2.0,2.0,7.0,Good
2024-06-01 00:30:00+00:00,15.1,795.0,74.0,1.7,medlock_bridge,23.3,989.5,0.0,100.0,-6.0,-8.333333333333334,1,14.916666666666666,13.627083333333333,13.003125000000002,Summer,Evening,1,3.0,1.0,2.0,6.0,Good
2024-06-01 00:45:00+00:00,15.1,795.0,74.0,1.6,medlock_bridge,23.3,989.5,0.0,100.0,-6.0,-8.333333333333334,1,14.950000000000001,13.689583333333331,13.002083333333333,Summer,Evening,1,3.0,1.0,2.0,6.0,Good
2024-06-01 01:00:00+00:00,15.1,796.0,74.0,1.3,medlock_bridge,21.2,990.5,0.0,100.0,-7.0,-6.0,1,14.975,13.752083333333333,13.005208333333334,Summer,Evening,1,3.0,1.0,2.0,6.0,Good
2024-06-01 01:15:00+00:00,15.1,796.0,74.0,1.4,medlock_bridge,21.2,990.5,0.0,100.0,-7.0,-6.0,1,15.0,13.814583333333333,13.011458333333335,Summer,Evening,1,3.0,1.0,2.0,6.0,Good
2024-06-01 01:30:00+00:00,15.1,796.0,74.0,1.4,medlock_bridge,21.2,990.5,0.0,100.0,1.0,-6.333333333333333,1,15.025,13.875,13.021875,Summer,Evening,1,3.0,1.0,2.0,6.0,Good
2024-06-01 01:45:00+00:00,15.1,788.0,74.0,1.4,medlock_bridge,21.2,990.5,0.0,100.0,-7.0,-9.0,1,15.041666666666666,13.935416666666669,13.035416666666668,Summer,Evening,1,3.0,1.0,2.0,6.0,Good
2024-06-01 02:00:00+00:00,15.1,788.0,74.0,1.7,medlock_bridge,20.5,990.6,0.0,100.0,-8.0,-6.333333333333333,1,15.058333333333332,13.995833333333332,13.052083333333334,Summer,Night,1,3.0,1.0,2.0,6.0,Good
2024-06-01 02:15:00+00:00,15.1,790.0,75.0,1.4,medlock_bridge,20.5,990.6,0.0,100.0,-6.0,-5.666666666666667,1,15.066666666666665,14.054166666666667,13.071874999999999,Summer,Night,1,3.0,1.0,2.0,6.0,Good
2024-06-01 02:30:00+00:00,15.1,790.0,75.0,1.5,medlock_bridge,20.5,990.6,0.0,100.0,-6.0,-3.6666666666666665,1,15.074999999999998,14.112499999999999,13.09375,Summer,Night,1,3.0,1.0,2.0,6.0,Good
2024-06-01 02:45:00+00:00,15.1,790.0,75.0,1.6,medlock_bridge,20.5,990.6,0.0,100.0,2.0,-3.6666666666666665,1,15.083333333333334,14.168750000000001,13.117708333333333,Summer,Night,1,3.0,1.0,2.0,6.0,Good
2024-06-01 03:00:00+00:00,15.1,790.0,75.0,1.5,medlock_bridge,19.4,991.2,0.0,63.0,2.0,-4.333333333333333,1,15.091666666666667,14.225,13.143749999999999,Summer,Night,1,3.0,1.0,2.0,6.0,Good
2024-06-01 03:15:00+00:00,15.1,790.0,75.0,1.6,medlock_bridge,19.4,991.2,0.0,63.0,0.0,-4.333333333333333,1,15.1,14.279166666666667,13.170833333333334,Summer,Night,1,3.0,1.0,2.0,6.0,Good
2024-06-01 03:30:00+00:00,15.1,790.0,75.0,1.6,medlock_bridge,19.4,991.2,0.0,63.0,0.0,-1.6666666666666667,1,15.1,14.331249999999999,13.198958333333332,Summer,Night,1,3.0,1.0,2.0,6.0,Good
2024-06-01 03:45:00+00:00,15.1,782.0,75.0,1.6,medlock_bridge,19.4,991.2,0.0,63.0,-8.0,-4.333333333333333,1,15.1,14.383333333333333,13.228125,Summer,Night,1,3.0,1.0,2.0,6.0,Good
2024-06-01 04:00:00+00:00,15.1,782.0,74.0,1.7,medlock_bridge,18.7,991.2,0.0,64.0,-8.0,-4.666666666666667,1,15.1,14.433333333333335,13.258333333333333,Summer,Night,1,3.0,1.0,2.0,6.0,Good
2024-06-01 04:15:00+00:00,15.1,784.0,74.0,1.8,medlock_bridge,18.7,991.2,0.0,64.0,-6.0,-4.0,1,15.1,14.481249999999998,13.288541666666665,Summer,Night,1,3.0,1.0,2.0,6.0,Good
2024-06-01 04:30:00+00:00,15.1,768.0,74.0,1.7,medlock_bridge,18.7,991.2,0.0,64.0,-22.0,-9.333333333333334,1,15.1,14.527083333333332,13.318750000000001,Summer,Night,1,3.0,1.0,2.0,6.0,Good
2024-06-01 04:45:00+00:00,15.0,760.0,74.0,1.9,medlock_bridge,18.7,991.2,0.0,64.0,-22.0,-9.333333333333334,1,15.091666666666667,14.570833333333333,13.348958333333334,Summer,Night,1,3.0,1.0,2.0,6.0,Good
2024-06-01 05:00:00+00:00,15.0,763.0,74.0,1.9,medlock_bridge,18.1,991.1,0.0,100.0,-19.0,-8.333333333333334,1,15.083333333333334,14.612499999999999,13.379166666666668,Summer,Night,1,3.0,1.0,2.0,6.0,Good
2024-06-01 05:15:00+00:00,15.0,773.0,74.0,1.9,medlock_bridge,18.1,991.1,0.0,100.0,-11.0,-5.666666666666667,1,15.075000000000001,14.652083333333332,13.409374999999999,Summer,Night,1,3.0,1.0,2.0,6.0,Good
2024-06-01 05:30:00+00:00,15.0,796.0,74.0,1.6,medlock_bridge,18.1,991.1,0.0,100.0,28.0,2.0,1,15.066666666666668,14.689583333333331,13.440624999999999,Summer,Night,1,3.0,1.0,2.0,6.0,Good
2024-06-01 05:45:00+00:00,15.0,827.0,74.0,1.8,medlock_bridge,18.1,991.1,0.0,100.0,67.0,12.333333333333334,1,15.058333333333332,14.725,13.471874999999999,Summer,Night,1,3.0,2.0,2.0,7.0,Good
2024-06-01 06:00:00+00:00,15.0,879.0,73.0,1.6,medlock_bridge,17.6,990.7,0.0,100.0,116.0,29.666666666666668,1,15.049999999999999,14.758333333333333,13.503124999999999,Summer,Night,1,3.0,2.0,2.0,7.0,Good
2024-06-01 06:15:00+00:00,14.9,956.0,73.0,1.9,medlock_bridge,17.6,990.7,0.0,100.0,183.0,55.333333333333336,1,15.033333333333333,14.7875,13.533333333333331,Summer,Night,1,3.0,2.0,2.0,7.0,Good
2024-06-01 06:30:00+00:00,14.9,1030.0,73.0,1.8,medlock_bridge,17.6,990.7,0.0,100.0,234.0,80.0,0,15.016666666666666,14.814583333333333,13.564583333333333,Summer,Night,1,3.0,2.0,2.0,7.0,Good
2024-06-01 06:45:00+00:00,14.8,1110.0,73.0,2.0,medlock_bridge,17.6,990.7,0.0,100.0,283.0,109.33333333333333,0,14.991666666666667,14.8375,13.594791666666666,Summer,Night,1,3.0,2.0,2.0,7.0,Good
2024-06-01 07:00:00+00:00,14.8,1190.0,72.0,2.0,medlock_bridge,17.0,990.4,0.0,100.0,311.0,136.0,0,14.966666666666669,14.858333333333333,13.625,Summer,Night,1,3.0,2.0,2.0,7.0,Good
2024-06-01 07:15:00+00:00,14.8,1270.0,72.0,1.9,medlock_bridge,17.0,990.4,0.0,100.0,314.0,162.0,0,14.941666666666665,14.877083333333333,13.655208333333334,Summer,Night,1,3.0,2.0,2.0,7.0,Good
2024-06-01 07:30:00+00:00,14.7,1340.0,72.0,2.0,medlock_bridge,17.0,990.4,0.0,100.0,310.0,190.66666666666666,0,14.908333333333333,14.891666666666666,13.684374999999998,Summer,Night,1,3.0,2.0,2.0,7.0,Good
2024-06-01 07:45:00+00:00,14.7,1390.0,71.0,2.1,medlock_bridge,17.0,990.4,0.0,100.0,280.0,210.0,0,14.883333333333333,14.904166666666667,13.713541666666666,Summer,Night,1,3.0,2.0,2.0,7.0,Good
2024-06-01 08:00:00+00:00,14.6,1440.0,71.0,2.3,medlock_bridge,16.8,990.0,0.0,100.0,250.0,225.66666666666666,0,14.85,14.912500000000001,13.741666666666667,Summer,Night,1,3.0,2.0,2.0,7.0,Good
2024-06-01 08:15:00+00:00,14.6,1480.0,71.0,2.4,medlock_bridge,16.8,990.0,0.0,100.0,210.0,235.66666666666666,0,14.816666666666665,14.918750000000001,13.769791666666668,Summer,Night,1,3.0,2.0,2.0,7.0,Good
2024-06-01 08:30:00+00:00,14.5,1500.0,71.0,2.4,medlock_bridge,16.8,990.0,0.0,100.0,160.0,234.66666666666666,1,14.774999999999999,14.920833333333334,13.796875,Summer,Night,1,3.0,2.0,2.0,7.0,Good
2024-06-01 08:45:00+00:00,14.5,1520.0,71.0,2.5,medlock_bridge,16.8,990.0,0.0,100.0,130.0,231.0,1,14.733333333333333,14.920833333333334,13.823958333333332,Summer,Night,1,3.0,2.0,2.0,7.0,Good
2024-06-01 09:00:00+00:00,14.4,1520.0,70.0,2.4,medlock_bridge,16.6,990.5,0.0,100.0,80.0,213.66666666666666,1,14.683333333333332,14.918750000000001,13.850000000000001,Summer,Morning,1,3.0,2.0,2.0,7.0,Good
2024-06-01 09:15:00+00:00,14.4,1510.0,70.0,2.4,medlock_bridge,16.6,990.5,0.0,100.0,30.0,184.66666666666666,1,14.641666666666666,14.914583333333333,13.876041666666666,Summer,Morning,1,3.0,2.0,2.0,7.0,Good
2024-06-01 09:30:00+00:00,14.4,1500.0,70.0,2.7,medlock_bridge,16.6,990.5,0.0,100.0,0.0,156.66666666666666,1,14.600000000000001,14.908333333333333,13.902083333333332,Summer,Morning,1,3.0,2.0,2.0,7.0,Good
2024-06-01 09:45:00+00:00,14.3,1490.0,70.0,2.5,medlock_bridge,16.6,990.5,0.0,100.0,-30.0,126.66666666666667,1,14.558333333333332,14.9,13.927083333333334,Summer,Morning,1,3.0,2.0,2.0,7.0,Good
2024-06-01 10:00:00+00:00,14.3,1470.0,69.0,2.6,medlock_bridge,16.2,990.6,0.0,100.0,-50.0,93.33333333333333,1,14.516666666666666,14.889583333333334,13.952083333333333,Summer,Morning,1,3.0,2.0,2.0,7.0,Good
2024-06-01 10:15:00+00:00,14.2,1450.0,69.0,2.5,medlock_bridge,16.2,990.6,0.0,100.0,-60.0,60.0,1,14.466666666666669,14.877083333333333,13.975,Summer,Morning,1,3.0,2.0,2.0,7.0,Good
2024-06-01 10:30:00+00:00,14.2,1430.0,69.0,2.7,medlock_bridge,16.2,990.6,0.0,100.0,-70.0,30.0,1,14.424999999999999,14.864583333333334,13.997916666666667,Summer,Morning,1,3.0,2.0,2.0,7.0,Good
2024-06-01 10:45:00+00:00,14.2,1400.0,69.0,2.3,medlock_bridge,16.2,990.6,0.0,100.0,-90.0,3.3333333333333335,1,14.383333333333333,14.85,14.020833333333334,Summer,Morning,1,3.0,2.0,2.0,7.0,Good
2024-06-01 11:00:00+00:00,14.1,1370.0,68.0,2.2,medlock_bridge,15.9,991.2,0.0,100.0,-100.0,-23.333333333333332,1,14.341666666666667,14.833333333333334,14.042708333333332,Summer,Morning,1,3.0,2.0,2.0,7.0,Good
2024-06-01 11:15:00+00:00,14.1,1350.0,68.0,2.3,medlock_bridge,15.9,991.2,0.0,100.0,-100.0,-43.333333333333336,1,14.300000000000002,14.814583333333331,14.064583333333331,Summer,Morning,1,3.0,2.0,2.0,7.0,Good
2024-06-01 11:30:00+00:00,14.0,1320.0,68.0,2.6,medlock_bridge,15.9,991.2,0.0,100.0,-110.0,-60.0,1,14.258333333333335,14.793749999999998,14.085416666666665,Summer,Morning,1,3.0,2.0,2.0,7.0,Good
2024-06-01 11:45:00+00:00,14.0,1290.0,67.0,2.4,medlock_bridge,15.9,991.2,0.0,100.0,-110.0,-76.66666666666667,1,14.216666666666669,14.772916666666665,14.106249999999998,Summer,Morning,1,3.0,2.0,2.0,7.0,Good
2024-06-01 12:00:00+00:00,14.0,1270.0,67.0,2.6,medlock_bridge,16.4,991.6,0.0,100.0,-100.0,-83.33333333333333,1,14.183333333333335,14.752083333333331,14.127083333333331,Summer,Morning,1,3.0,2.0,2.0,7.0,Good
2024-06-01 12:15:00+00:00,14.0,1240.0,67.0,2.5,medlock_bridge,16.4,991.6,0.0,100.0,-110.0,-90.0,1,14.15,14.731249999999998,14.147916666666665,Summer,Morning,1,3.0,2.0,2.0,7.0,Good
2024-06-01 12:30:00+00:00,13.9,1210.0,67.0,2.1,medlock_bridge,16.4,991.6,0.0,100.0,-110.0,-96.66666666666667,1,14.108333333333333,14.706249999999999,14.166666666666666,Summer,Morning,1,3.0,2.0,2.0,7.0,Good
2024-06-01 12:45:00+00:00,13.9,1180.0,66.0,2.2,medlock_bridge,16.4,991.6,0.0,100.0,-110.0,-103.33333333333333,1,14.075000000000001,14.68125,14.185416666666667,Summer,Morning,1,3.0,2.0,2.0,7.0,Good
2024-06-01 13:00:00+00:00,13.9,1160.0,66.0,2.1,medlock_bridge,17.6,992.2,0.0,100.0,-110.0,-103.33333333333333,1,14.041666666666666,14.65625,14.204166666666666,Summer,Morning,1,3.0,2.0,2.0,7.0,Good
2024-06-01 13:15:00+00:00,13.8,1130.0,66.0,2.1,medlock_bridge,17.6,992.2,0.0,100.0,-110.0,-106.66666666666667,1,14.008333333333335,14.629166666666665,14.221874999999999,Summer,Morning,1,3.0,2.0,2.0,7.0,Good
2024-06-01 13:30:00+00:00,13.8,1100.0,66.0,2.0,medlock_bridge,17.6,992.2,0.0,100.0,-110.0,-110.0,1,13.975,14.602083333333333,14.238541666666668,Summer,Morning,1,3.0,2.0,2.0,7.0,Good
2024-06-01 13:45:00+00:00,13.8,1090.0,66.0,2.0,medlock_bridge,17.6,992.2,0.0,100.0,-90.0,-103.33333333333333,1,13.941666666666668,14.574999999999998,14.255208333333334,Summer,Morning,1,3.0,2.0,2.0,7.0,Good
2024-06-01 14:00:00+00:00,13.8,1060.0,66.0,2.0,medlock_bridge,19.4,992.7,0.0,100.0,-100.0,-103.33333333333333,1,13.91666666666667,14.547916666666667,14.271875,Summer,Morning,1,3.0,2.0,2.0,7.0,Good
2024-06-01 14:15:00+00:00,13.7,1040.0,66.0,1.9,medlock_bridge,19.4,992.7,0.0,100.0,-90.0,-103.33333333333333,1,13.883333333333333,14.518749999999999,14.286458333333334,Summer,Morning,1,3.0,2.0,2.0,7.0,Good
2024-06-01 14:30:00+00:00,13.7,1020.0,66.0,2.0,medlock_bridge,19.4,992.7,0.0,100.0,-80.0,-100.0,1,13.858333333333333,14.489583333333334,14.301041666666668,Summer,Morning,1,3.0,2.0,2.0,7.0,Good
2024-06-01 14:45:00+00:00,13.7,1000.0,66.0,1.8,medlock_bridge,19.4,992.7,0.0,100.0,-90.0,-96.66666666666667,1,13.833333333333334,14.460416666666665,14.314583333333331,Summer,Morning,1,3.0,2.0,2.0,7.0,Good
2024-06-01 15:00:00+00:00,13.6,980.0,66.0,1.8,medlock_bridge,20.4,992.4,0.0,100.0,-80.0,-96.66666666666667,1,13.799999999999999,14.429166666666667,14.327083333333334,Summer,Afternoon,1,3.0,2.0,2.0,7.0,Good
2024-06-01 15:15:00+00:00,13.6,960.0,66.0,1.9,medlock_bridge,20.4,992.4,0.0,100.0,-80.0,-93.33333333333333,1,13.766666666666666,14.397916666666667,14.338541666666666,Summer,Afternoon,1,3.0,2.0,2.0,7.0,Good
2024-06-01 15:30:00+00:00,13.6,949.0,66.0,1.8,medlock_bridge,20.4,992.4,0.0,100.0,-71.0,-87.0,1,13.741666666666667,14.366666666666667,14.348958333333334,Summer,Afternoon,1,3.0,2.0,2.0,7.0,Good
2024-06-01 15:45:00+00:00,13.6,929.0,66.0,1.6,medlock_bridge,20.4,992.4,0.0,100.0,-71.0,-83.66666666666667,1,13.716666666666667,14.335416666666667,14.359375,Summer,Afternoon,1,3.0,2.0,2.0,7.0,Good
2024-06-01 16:00:00+00:00,13.5,916.0,66.0,1.9,medlock_bridge,21.8,992.5,0.0,100.0,-64.0,-81.33333333333333,1,13.683333333333332,14.302083333333334,14.367708333333333,Summer,Afternoon,1,3.0,2.0,2.0,7.0,Good
2024-06-01 16:15:00+00:00,13.5,897.0,66.0,1.8,medlock_bridge,21.8,992.5,0.0,100.0,-63.0,-77.66666666666667,1,13.658333333333331,14.268750000000002,14.375,Summer,Afternoon,1,3.0,2.0,2.0,7.0,Good
2024-06-01 16:30:00+00:00,13.5,884.0,66.0,1.8,medlock_bridge,21.8,992.5,0.0,100.0,-65.0,-72.0,1,13.633333333333333,14.235416666666667,14.38125,Summer,Afternoon,1,3.0,2.0,2.0,7.0,Good
2024-06-01 16:45:00+00:00,13.4,872.0,66.0,1.8,medlock_bridge,21.8,992.5,0.0,100.0,-57.0,-72.66666666666667,1,13.6,14.202083333333334,14.386458333333335,Summer,Afternoon,1,3.0,2.0,2.0,7.0,Good
2024-06-01 17:00:00+00:00,13.4,860.0,66.0,1.9,medlock_bridge,21.9,991.9,0.0,100.0,-56.0,-66.66666666666667,1,13.566666666666665,14.168750000000001,14.390625,Summer,Afternoon,1,3.0,2.0,2.0,7.0,Good
2024-06-01 17:15:00+00:00,13.4,855.0,66.0,2.0,medlock_bridge,21.9,991.9,0.0,100.0,-42.0,-61.666666666666664,1,13.541666666666666,14.135416666666666,14.393749999999999,Summer,Afternoon,1,3.0,2.0,2.0,7.0,Good
2024-06-01 17:30:00+00:00,13.4,842.0,66.0,1.9,medlock_bridge,21.9,991.9,0.0,100.0,-42.0,-59.333333333333336,1,13.516666666666667,14.102083333333333,14.39583333333333,Summer,Afternoon,1,3.0,2.0,2.0,7.0,Good
2024-06-01 17:45:00+00:00,13.4,828.0,66.0,1.9,medlock_bridge,21.9,991.9,0.0,100.0,-44.0,-57.333333333333336,1,13.491666666666665,14.068750000000001,14.396875,Summer,Afternoon,1,3.0,2.0,2.0,7.0,Good
2024-06-01 18:00:00+00:00,13.3,823.0,66.0,1.9,medlock_bridge,21.4,991.1,0.1,100.0,-37.0,-52.333333333333336,1,13.466666666666667,14.033333333333333,14.395833333333334,Summer,Afternoon,1,3.0,2.0,2.0,7.0,Good
2024-06-01 18:15:00+00:00,13.3,818.0,66.0,1.8,medlock_bridge,21.4,991.1,0.1,100.0,-37.0,-47.333333333333336,1,13.441666666666668,14.0,14.393750000000002,Summer,Afternoon,1,3.0,2.0,2.0,7.0,Good
2024-06-01 18:30:00+00:00,13.3,812.0,66.0,2.0,medlock_bridge,21.4,991.1,0.1,100.0,-30.0,-45.666666666666664,1,13.416666666666666,13.966666666666667,14.390625,Summer,Afternoon,1,3.0,2.0,2.0,7.0,Good
2024-06-01 18:45:00+00:00,13.3,806.0,66.0,1.9,medlock_bridge,21.4,991.1,0.1,100.0,-22.0,-41.0,1,13.391666666666667,13.935416666666667,14.386458333333335,Summer,Afternoon,1,3.0,2.0,2.0,7.0,Good
2024-06-01 19:00:00+00:00,13.3,799.0,66.0,1.8,medlock_bridge,22.6,990.1,0.1,100.0,-24.0,-39.0,1,13.375000000000002,13.904166666666669,14.38125,Summer,Afternoon,1,3.0,1.0,2.0,6.0,Good
2024-06-01 19:15:00+00:00,13.3,793.0,67.0,2.1,medlock_bridge,22.6,990.1,0.1,100.0,-25.0,-34.666666666666664,1,13.358333333333334,13.872916666666667,14.375,Summer,Afternoon,1,3.0,1.0,2.0,6.0,Good
2024-06-01 19:30:00+00:00,13.3,787.0,67.0,2.0,medlock_bridge,22.6,990.1,0.1,100.0,-25.0,-32.333333333333336,1,13.341666666666669,13.843750000000002,14.367708333333335,Summer,Afternoon,1,3.0,1.0,2.0,6.0,Good
2024-06-01 19:45:00+00:00,13.3,781.0,67.0,2.3,medlock_bridge,22.6,990.1,0.1,100.0,-25.0,-30.333333333333332,1,13.333333333333334,13.814583333333333,14.359375,Summer,Afternoon,1,3.0,1.0,2.0,6.0,Good
2024-06-01 20:00:00+00:00,13.3,774.0,67.0,2.1,medlock_bridge,23.9,989.0,0.0,100.0,-25.0,-28.666666666666668,1,13.325000000000001,13.7875,14.350000000000001,Summer,Afternoon,1,3.0,1.0,2.0,6.0,Good
2024-06-01 20:15:00+00:00,13.3,768.0,67.0,2.3,medlock_bridge,23.9,989.0,0.0,100.0,-25.0,-29.0,1,13.316666666666668,13.760416666666666,14.339583333333332,Summer,Afternoon,1,3.0,1.0,2.0,6.0,Good
2024-06-01 20:30:00+00:00,13.3,770.0,68.0,2.2,medlock_bridge,23.9,989.0,0.0,100.0,-17.0,-24.0,1,13.308333333333332,13.735416666666666,14.328125,Summer,Afternoon,1,3.0,1.0,2.0,6.0,Good
2024-06-01 20:45:00+00:00,13.3,763.0,68.0,1.9,medlock_bridge,23.9,989.0,0.0,100.0,-18.0,-21.666666666666668,1,13.3,13.710416666666667,14.315625000000002,Summer,Afternoon,1,3.0,1.0,2.0,6.0,Good
2024-06-01 21:00:00+00:00,13.4,756.0,68.0,2.2,medlock_bridge,23.3,988.5,0.0,100.0,-18.0,-22.333333333333332,1,13.308333333333335,13.689583333333333,14.304166666666667,Summer,Evening,1,3.0,1.0,2.0,6.0,Good
2024-06-01 21:15:00+00:00,13.4,757.0,68.0,2.1,medlock_bridge,23.3,988.5,0.0,100.0,-11.0,-20.333333333333332,1,13.316666666666668,13.668750000000001,14.291666666666666,Summer,Evening,1,3.0,1.0,2.0,6.0,Good
2024-06-01 21:30:00+00:00,13.4,751.0,68.0,2.1,medlock_bridge,23.3,988.5,0.0,100.0,-19.0,-20.333333333333332,1,13.325000000000001,13.647916666666667,14.278125000000001,Summer,Evening,1,3.0,1.0,2.0,6.0,Good
2024-06-01 21:45:00+00:00,13.4,751.0,69.0,2.1,medlock_bridge,23.3,988.5,0.0,100.0,-12.0,-18.333333333333332,1,13.333333333333334,13.629166666666665,14.264583333333334,Summer,Evening,1,3.0,1.0,2.0,6.0,Good
2024-06-01 22:00:00+00:00,13.4,745.0,69.0,2.2,medlock_bridge,23.3,988.0,0.0,93.0,-11.0,-18.0,1,13.341666666666667,13.610416666666667,14.25,Summer,Evening,1,3.0,1.0,2.0,6.0,Good
2024-06-01 22:15:00+00:00,13.4,745.0,69.0,1.9,medlock_bridge,23.3,988.0,0.0,93.0,-12.0,-16.0,1,13.350000000000001,13.59375,14.235416666666666,Summer,Evening,1,3.0,1.0,2.0,6.0,Good
2024-06-01 22:30:00+00:00,13.5,746.0,70.0,2.1,medlock_bridge,23.3,988.0,0.0,93.0,-5.0,-13.666666666666666,1,13.366666666666667,13.579166666666667,14.221874999999999,Summer,Evening,1,3.0,1.0,2.0,6.0,Good
2024-06-01 22:45:00+00:00,13.5,739.0,70.0,1.9,medlock_bridge,23.3,988.0,0.0,93.0,-12.0,-14.0,1,13.383333333333335,13.564583333333333,14.207291666666665,Summer,Evening,1,3.0,1.0,2.0,6.0,Good
2024-06-01 23:00:00+00:00,13.5,739.0,70.0,2.0,medlock_bridge,23.3,987.7,0.0,47.0,-6.0,-11.666666666666666,1,13.4,13.552083333333334,14.192708333333334,Summer,Evening,1,3.0,1.0,2.0,6.0,Good
2024-06-01 23:15:00+00:00,13.6,740.0,70.0,2.0,medlock_bridge,23.3,987.7,0.0,47.0,-5.0,-9.333333333333334,1,13.424999999999999,13.54166666666667,14.178125000000001,Summer,Evening,1,3.0,1.0,2.0,6.0,Good
2024-06-01 23:30:00+00:00,13.6,733.0,71.0,2.0,medlock_bridge,23.3,987.7,0.0,47.0,-13.0,-12.333333333333334,1,13.450000000000001,13.533333333333333,14.163541666666667,Summer,Evening,1,3.0,1.0,2.0,6.0,Good
2024-06-01 23:45:00+00:00,13.6,733.0,71.0,1.8,medlock_bridge,23.3,987.7,0.0,47.0,-6.0,-10.0,1,13.475,13.525,14.148958333333333,Summer,Evening,1,3.0,1.0,2.0,6.0,Good
2024-06-02 00:00:00+00:00,13.6,734.0,71.0,2.1,medlock_bridge,22.4,987.7,0.0,50.0,-5.0,-7.333333333333333,1,13.491666666666667,13.516666666666667,14.134375,Summer,Evening,1,3.0,1.0,2.0,6.0,Good
2024-06-02 00:15:00+00:00,13.6,734.0,72.0,2.1,medlock_bridge,22.4,987.7,0.0,50.0,-6.0,-7.666666666666667,1,13.508333333333333,13.508333333333335,14.119791666666666,Summer,Evening,1,3.0,1.0,2.0,6.0,Good
2024-06-02 00:30:00+00:00,13.7,734.0,72.0,1.8,medlock_bridge,22.4,987.7,0.0,50.0,1.0,-5.666666666666667,1,13.533333333333333,13.504166666666665,14.105208333333332,Summer,Evening,1,3.0,1.0,2.0,6.0,Good
2024-06-02 00:45:00+00:00,13.7,734.0,72.0,2.1,medlock_bridge,22.4,987.7,0.0,50.0,1.0,-5.666666666666667,1,13.558333333333335,13.5,14.090625000000001,Summer,Evening,1,3.0,1.0,2.0,6.0,Good
2024-06-02 01:00:00+00:00,13.7,726.0,72.0,2.0,medlock_bridge,20.6,988.2,0.0,66.0,-8.0,-6.333333333333333,1,13.583333333333334,13.495833333333335,14.076041666666669,Summer,Evening,1,3.0,1.0,2.0,6.0,Good
2024-06-02 01:15:00+00:00,13.7,726.0,73.0,2.0,medlock_bridge,20.6,988.2,0.0,66.0,-8.0,-6.333333333333333,1,13.608333333333333,13.49375,14.061458333333333,Summer,Evening,1,3.0,1.0,2.0,6.0,Good
2024-06-02 01:30:00+00:00,13.7,728.0,73.0,2.1,medlock_bridge,20.6,988.2,0.0,66.0,-6.0,-6.0,1,13.625,13.491666666666667,14.046875,Summer,Evening,1,3.0,1.0,2.0,6.0,Good
2024-06-02 01:45:00+00:00,13.8,728.0,73.0,1.8,medlock_bridge,20.6,988.2,0.0,66.0,-6.0,-3.6666666666666665,1,13.649999999999999,13.491666666666667,14.033333333333333,Summer,Evening,1,3.0,1.0,2.0,6.0,Good
2024-06-02 02:00:00+00:00,13.8,728.0,73.0,1.9,medlock_bridge,19.9,988.2,0.0,60.0,2.0,-3.6666666666666665,1,13.674999999999999,13.491666666666667,14.019791666666668,Summer,Night,1,3.0,1.0,2.0,6.0,Good
2024-06-02 02:15:00+00:00,13.8,720.0,74.0,2.1,medlock_bridge,19.9,988.2,0.0,60.0,-6.0,-6.666666666666667,1,13.691666666666668,13.49375,14.006250000000001,Summer,Night,1,3.0,1.0,2.0,6.0,Good
2024-06-02 02:30:00+00:00,13.8,728.0,74.0,1.9,medlock_bridge,19.9,988.2,0.0,60.0,0.0,-1.6666666666666667,1,13.708333333333334,13.495833333333332,13.992708333333333,Summer,Night,1,3.0,1.0,2.0,6.0,Good
2024-06-02 02:45:00+00:00,13.8,729.0,74.0,1.9,medlock_bridge,19.9,988.2,0.0,60.0,1.0,-1.3333333333333333,1,13.725000000000001,13.497916666666669,13.979166666666666,Summer,Night,1,3.0,1.0,2.0,6.0,Good
2024-06-02 03:00:00+00:00,13.8,720.0,74.0,1.9,medlock_bridge,19.8,988.5,0.0,100.0,-8.0,-4.666666666666667,1,13.741666666666665,13.502083333333333,13.965625000000001,Summer,Night,1,3.0,1.0,2.0,6.0,Good
2024-06-02 03:15:00+00:00,13.9,728.0,75.0,1.9,medlock_bridge,19.8,988.5,0.0,100.0,8.0,-2.0,1,13.766666666666666,13.508333333333333,13.953125,Summer,Night,1,3.0,1.0,2.0,6.0,Good
2024-06-02 03:30:00+00:00,13.9,729.0,75.0,2.0,medlock_bridge,19.8,988.5,0.0,100.0,1.0,-1.6666666666666667,1,13.783333333333333,13.514583333333334,13.940625000000002,Summer,Night,1,3.0,1.0,2.0,6.0,Good
2024-06-02 03:45:00+00:00,13.9,720.0,75.0,1.9,medlock_bridge,19.8,988.5,0.0,100.0,-9.0,-4.666666666666667,1,13.799999999999999,13.520833333333334,13.928125,Summer,Night,1,3.0,1.0,2.0,6.0,Good
2024-06-02 04:00:00+00:00,13.9,720.0,75.0,1.9,medlock_bridge,20.1,988.1,0.0,100.0,0.0,-2.0,1,13.816666666666668,13.529166666666667,13.915625,Summer,Night,1,3.0,1.0,2.0,6.0,Good
2024-06-02 04:15:00+00:00,13.9,722.0,75.0,1.9,medlock_bridge,20.1,988.1,0.0,100.0,-6.0,-1.3333333333333333,1,13.833333333333334,13.5375,13.903125000000001,Summer,Night,1,3.0,1.0,2.0,6.0,Good
2024-06-02 04:30:00+00:00,13.9,722.0,75.0,2.0,medlock_bridge,20.1,988.1,0.0,100.0,-7.0,-2.0,1,13.85,13.545833333333333,13.890625,Summer,Night,1,3.0,1.0,2.0,6.0,Good
2024-06-02 04:45:00+00:00,13.9,729.0,75.0,1.8,medlock_bridge,20.1,988.1,0.0,100.0,9.0,0.3333333333333333,1,13.858333333333334,13.55625,13.879166666666668,Summer,Night,1,3.0,1.0,2.0,6.0,Good
2024-06-02 05:00:00+00:00,13.9,729.0,75.0,1.9,medlock_bridge,19.2,987.6,0.0,100.0,9.0,0.3333333333333333,1,13.866666666666667,13.566666666666668,13.867708333333333,Summer,Night,1,3.0,1.0,2.0,6.0,Good
2024-06-02 05:15:00+00:00,14.0,735.0,75.0,2.0,medlock_bridge,19.2,987.6,0.0,100.0,13.0,5.0,1,13.883333333333333,13.579166666666667,13.857291666666667,Summer,Night,1,3.0,1.0,2.0,6.0,Good
2024-06-02 05:30:00+00:00,14.0,766.0,75.0,1.9,medlock_bridge,19.2,987.6,0.0,100.0,44.0,12.666666666666666,1,13.9,13.591666666666669,13.846874999999999,Summer,Night,1,3.0,1.0,2.0,6.0,Good
2024-06-02 05:45:00+00:00,14.0,804.0,75.0,2.1,medlock_bridge,19.2,987.6,0.0,100.0,75.0,25.0,1,13.916666666666666,13.604166666666666,13.836458333333333,Summer,Night,1,3.0,2.0,2.0,7.0,Good
2024-06-02 06:00:00+00:00,14.0,862.0,75.0,2.2,medlock_bridge,19.0,987.3,0.2,100.0,133.0,47.333333333333336,1,13.933333333333335,13.61875,13.826041666666667,Summer,Night,1,3.0,2.0,2.0,7.0,Good
2024-06-02 06:15:00+00:00,14.0,929.0,75.0,2.0,medlock_bridge,19.0,987.3,0.2,100.0,194.0,67.0,1,13.941666666666668,13.633333333333335,13.816666666666668,Summer,Night,1,3.0,2.0,2.0,7.0,Good
2024-06-02 06:30:00+00:00,14.0,1010.0,75.0,2.0,medlock_bridge,19.0,987.3,0.2,100.0,244.0,93.66666666666667,0,13.950000000000001,13.647916666666667,13.807291666666666,Summer,Night,1,3.0,2.0,2.0,7.0,Good
2024-06-02 06:45:00+00:00,13.9,1090.0,75.0,2.0,medlock_bridge,19.0,987.3,0.2,100.0,286.0,123.33333333333333,0,13.950000000000001,13.660416666666668,13.797916666666667,Summer,Night,1,3.0,2.0,2.0,7.0,Good
2024-06-02 07:00:00+00:00,13.9,1180.0,75.0,2.3,medlock_bridge,18.0,987.5,1.4,100.0,318.0,153.33333333333334,0,13.950000000000001,13.672916666666666,13.788541666666667,Summer,Night,1,3.0,2.0,2.0,7.0,Good
2024-06-02 07:15:00+00:00,13.9,1260.0,75.0,2.4,medlock_bridge,18.0,987.5,1.4,100.0,331.0,179.33333333333334,0,13.949999999999998,13.685416666666667,13.779166666666667,Summer,Night,1,3.0,2.0,2.0,7.0,Good
2024-06-02 07:30:00+00:00,13.9,1330.0,74.0,2.2,medlock_bridge,18.0,987.5,1.4,100.0,320.0,202.66666666666666,0,13.950000000000001,13.697916666666666,13.770833333333336,Summer,Night,1,3.0,2.0,2.0,7.0,Good
2024-06-02 07:45:00+00:00,13.8,1400.0,74.0,2.6,medlock_bridge,18.0,987.5,1.4,100.0,310.0,223.66666666666666,0,13.941666666666668,13.708333333333334,13.761458333333335,Summer,Night,1,3.0,2.0,2.0,7.0,Good
2024-06-02 08:00:00+00:00,13.8,1440.0,74.0,2.5,medlock_bridge,17.4,987.0,0.1,100.0,260.0,237.0,0,13.933333333333332,13.71875,13.753124999999999,Summer,Night,1,3.0,2.0,2.0,7.0,Good
2024-06-02 08:15:00+00:00,13.8,1470.0,73.0,2.7,medlock_bridge,17.4,987.0,0.1,100.0,210.0,245.0,0,13.916666666666666,13.729166666666666,13.744791666666666,Summer,Night,1,3.0,2.0,2.0,7.0,Good
2024-06-02 08:30:00+00:00,13.7,1490.0,73.0,2.6,medlock_bridge,17.4,987.0,0.1,100.0,160.0,241.33333333333334,1,13.891666666666666,13.737499999999999,13.736458333333333,Summer,Night,1,3.0,2.0,2.0,7.0,Good
2024-06-02 08:45:00+00:00,13.7,1510.0,73.0,2.8,medlock_bridge,17.4,987.0,0.1,100.0,110.0,235.33333333333334,1,13.866666666666667,13.745833333333332,13.728125,Summer,Night,1,3.0,2.0,2.0,7.0,Good
2024-06-02 09:00:00+00:00,13.6,1510.0,73.0,2.8,medlock_bridge,17.5,986.7,0.0,100.0,70.0,216.0,1,13.833333333333334,13.75,13.719791666666666,Summer,Morning,1,3.0,2.0,2.0,7.0,Good
2024-06-02 09:15:00+00:00,13.6,1510.0,73.0,2.6,medlock_bridge,17.5,986.7,0.0,100.0,40.0,193.66666666666666,1,13.799999999999999,13.754166666666668,13.711458333333335,Summer,Morning,1,3.0,2.0,2.0,7.0,Good
2024-06-02 09:30:00+00:00,13.6,1500.0,72.0,2.6,medlock_bridge,17.5,986.7,0.0,100.0,10.0,163.33333333333334,1,13.766666666666666,13.758333333333333,13.703125,Summer,Morning,1,3.0,2.0,2.0,7.0,Good
2024-06-02 09:45:00+00:00,13.5,1490.0,72.0,2.9,medlock_bridge,17.5,986.7,0.0,100.0,-20.0,133.33333333333334,1,13.733333333333333,13.760416666666666,13.694791666666667,Summer,Morning,1,3.0,2.0,2.0,7.0,Good
2024-06-02 10:00:00+00:00,13.5,1460.0,72.0,3.0,medlock_bridge,17.6,986.9,0.0,100.0,-50.0,93.33333333333333,1,13.699999999999998,13.762499999999998,13.686458333333334,Summer,Morning,1,3.0,2.0,2.0,7.0,Good
2024-06-02 10:15:00+00:00,13.4,1440.0,71.0,2.4,medlock_bridge,17.6,986.9,0.0,100.0,-70.0,60.0,1,13.658333333333333,13.762500000000001,13.678125000000001,Summer,Morning,1,3.0,2.0,2.0,7.0,Good
2024-06-02 10:30:00+00:00,13.4,1420.0,71.0,2.5,medlock_bridge,17.6,986.9,0.0,100.0,-80.0,30.0,1,13.616666666666667,13.760416666666666,13.669791666666667,Summer,Morning,1,3.0,2.0,2.0,7.0,Good
2024-06-02 10:45:00+00:00,13.3,1410.0,70.0,2.6,medlock_bridge,17.6,986.9,0.0,100.0,-80.0,3.3333333333333335,1,13.575000000000001,13.75625,13.660416666666665,Summer,Morning,1,3.0,2.0,2.0,7.0,Good
2024-06-02 11:00:00+00:00,13.3,1370.0,70.0,2.3,medlock_bridge,17.6,987.4,0.0,100.0,-90.0,-23.333333333333332,1,13.533333333333333,13.752083333333333,13.652083333333335,Summer,Morning,1,3.0,2.0,2.0,7.0,Good
2024-06-02 11:15:00+00:00,13.2,1350.0,70.0,2.6,medlock_bridge,17.6,987.4,0.0,100.0,-90.0,-40.0,1,13.483333333333334,13.743749999999999,13.642708333333333,Summer,Morning,1,3.0,2.0,2.0,7.0,Good
2024-06-02 11:30:00+00:00,13.2,1310.0,69.0,2.4,medlock_bridge,17.6,987.4,0.0,100.0,-110.0,-60.0,1,13.441666666666668,13.735416666666667,13.634375,Summer,Morning,1,3.0,2.0,2.0,7.0,Good
2024-06-02 11:45:00+00:00,13.2,1290.0,69.0,2.3,medlock_bridge,17.6,987.4,0.0,100.0,-120.0,-73.33333333333333,1,13.399999999999999,13.727083333333333,13.626041666666667,Summer,Morning,1,3.0,2.0,2.0,7.0,Good
2024-06-02 12:00:00+00:00,13.1,1260.0,68.0,2.2,medlock_bridge,18.4,987.7,0.0,97.0,-110.0,-83.33333333333333,1,13.358333333333334,13.716666666666667,13.616666666666667,Summer,Morning,1,3.0,2.0,2.0,7.0,Good
2024-06-02 12:15:00+00:00,13.1,1240.0,68.0,2.2,medlock_bridge,18.4,987.7,0.0,97.0,-110.0,-90.0,1,13.316666666666668,13.706249999999999,13.607291666666669,Summer,Morning,1,3.0,2.0,2.0,7.0,Good
2024-06-02 12:30:00+00:00,13.0,1200.0,68.0,2.4,medlock_bridge,18.4,987.7,0.0,97.0,-110.0,-100.0,1,13.266666666666667,13.691666666666668,13.597916666666668,Summer,Morning,1,3.0,2.0,2.0,7.0,Good
2024-06-02 12:45:00+00:00,13.0,1180.0,67.0,2.2,medlock_bridge,18.4,987.7,0.0,97.0,-110.0,-103.33333333333333,1,13.225000000000001,13.677083333333334,13.588541666666666,Summer,Morning,1,3.0,2.0,2.0,7.0,Good
2024-06-02 13:00:00+00:00,13.0,1160.0,67.0,2.4,medlock_bridge,20.8,988.1,0.0,100.0,-100.0,-100.0,1,13.183333333333335,13.6625,13.579166666666667,Summer,Morning,1,3.0,2.0,2.0,7.0,Good
2024-06-02 13:15:00+00:00,13.0,1130.0,67.0,2.0,medlock_bridge,20.8,988.1,0.0,100.0,-110.0,-103.33333333333333,1,13.15,13.647916666666667,13.570833333333335,Summer,Morning,1,3.0,2.0,2.0,7.0,Good
2024-06-02 13:30:00+00:00,13.0,1110.0,67.0,2.1,medlock_bridge,20.8,988.1,0.0,100.0,-90.0,-103.33333333333333,1,13.116666666666667,13.633333333333333,13.5625,Summer,Morning,1,3.0,2.0,2.0,7.0,Good
2024-06-02 13:45:00+00:00,13.0,1080.0,66.0,2.1,medlock_bridge,20.8,988.1,0.0,100.0,-100.0,-110.0,1,13.091666666666667,13.616666666666667,13.554166666666667,Summer,Morning,1,3.0,2.0,2.0,7.0,Good
2024-06-02 14:00:00+00:00,12.9,1060.0,66.0,2.2,medlock_bridge,22.5,988.0,0.0,100.0,-100.0,-103.33333333333333,1,13.058333333333335,13.597916666666665,13.544791666666667,Summer,Morning,1,3.0,2.0,2.0,7.0,Good
2024-06-02 14:15:00+00:00,12.9,1040.0,66.0,2.1,medlock_bridge,22.5,988.0,0.0,100.0,-90.0,-103.33333333333333,1,13.033333333333331,13.579166666666666,13.536458333333334,Summer,Morning,1,3.0,2.0,2.0,7.0,Good
2024-06-02 14:30:00+00:00,12.9,1020.0,66.0,2.1,medlock_bridge,22.5,988.0,0.0,100.0,-90.0,-96.66666666666667,1,13.008333333333333,13.560416666666669,13.528125000000001,Summer,Morning,1,3.0,2.0,2.0,7.0,Good
2024-06-02 14:45:00+00:00,12.9,1000.0,66.0,2.1,medlock_bridge,22.5,988.0,0.0,100.0,-80.0,-96.66666666666667,1,12.983333333333334,13.541666666666666,13.519791666666668,Summer,Morning,1,3.0,2.0,2.0,7.0,Good
2024-06-02 15:00:00+00:00,12.9,980.0,66.0,1.9,medlock_bridge,24.2,988.1,0.0,100.0,-80.0,-93.33333333333333,1,12.966666666666667,13.522916666666667,13.512500000000001,Summer,Afternoon,1,3.0,2.0,2.0,7.0,Good
2024-06-02 15:15:00+00:00,12.9,969.0,66.0,2.0,medlock_bridge,24.2,988.1,0.0,100.0,-71.0,-90.33333333333333,1,12.950000000000001,13.502083333333333,13.505208333333334,Summer,Afternoon,1,3.0,2.0,2.0,7.0,Good
2024-06-02 15:30:00+00:00,12.9,949.0,66.0,2.0,medlock_bridge,24.2,988.1,0.0,100.0,-71.0,-83.66666666666667,1,12.941666666666665,13.481249999999998,13.497916666666667,Summer,Afternoon,1,3.0,2.0,2.0,7.0,Good
2024-06-02 15:45:00+00:00,12.9,927.0,66.0,2.1,medlock_bridge,24.2,988.1,0.0,100.0,-73.0,-84.33333333333333,1,12.933333333333332,13.460416666666667,13.490625000000001,Summer,Afternoon,1,3.0,2.0,2.0,7.0,Good
2024-06-02 16:00:00+00:00,12.9,916.0,66.0,2.2,medlock_bridge,25.6,987.8,0.1,100.0,-64.0,-81.33333333333333,1,12.924999999999999,13.439583333333333,13.484375,Summer,Afternoon,1,3.0,2.0,2.0,7.0,Good
2024-06-02 16:15:00+00:00,12.9,905.0,66.0,2.2,medlock_bridge,25.6,987.8,0.1,100.0,-64.0,-75.0,1,12.916666666666666,13.418750000000001,13.478125,Summer,Afternoon,1,3.0,2.0,2.0,7.0,Good
2024-06-02 16:30:00+00:00,12.9,884.0,66.0,2.0,medlock_bridge,25.6,987.8,0.1,100.0,-65.0,-75.33333333333333,1,12.908333333333333,13.397916666666667,13.471874999999999,Summer,Afternoon,1,3.0,2.0,2.0,7.0,Good
2024-06-02 16:45:00+00:00,12.8,871.0,66.0,2.1,medlock_bridge,25.6,987.8,0.1,100.0,-56.0,-69.66666666666667,1,12.891666666666666,13.375,13.465625000000001,Summer,Afternoon,1,3.0,2.0,2.0,7.0,Good
2024-06-02 17:00:00+00:00,12.8,860.0,66.0,1.9,medlock_bridge,26.4,987.1,0.1,100.0,-56.0,-66.66666666666667,1,12.883333333333333,13.352083333333333,13.459375000000001,Summer,Afternoon,1,3.0,2.0,2.0,7.0,Good
2024-06-02 17:15:00+00:00,12.8,855.0,66.0,2.0,medlock_bridge,26.4,987.1,0.1,100.0,-50.0,-61.666666666666664,1,12.875000000000002,13.327083333333333,13.453125,Summer,Afternoon,1,3.0,2.0,2.0,7.0,Good
2024-06-02 17:30:00+00:00,12.9,842.0,66.0,2.0,medlock_bridge,26.4,987.1,0.1,100.0,-42.0,-59.333333333333336,1,12.875,13.304166666666667,13.44791666666667,Summer,Afternoon,1,3.0,2.0,2.0,7.0,Good
2024-06-02 17:45:00+00:00,12.9,836.0,66.0,2.3,medlock_bridge,26.4,987.1,0.1,100.0,-35.0,-54.666666666666664,1,12.875,13.28125,13.442708333333334,Summer,Afternoon,1,3.0,2.0,2.0,7.0,Good
2024-06-02 18:00:00+00:00,12.9,823.0,66.0,1.8,medlock_bridge,24.0,986.7,1.9,98.0,-37.0,-52.333333333333336,1,12.875,13.258333333333333,13.438541666666667,Summer,Afternoon,1,3.0,2.0,2.0,7.0,Good
2024-06-02 18:15:00+00:00,12.9,817.0,66.0,1.8,medlock_bridge,24.0,986.7,1.9,98.0,-38.0,-50.666666666666664,1,12.875,13.235416666666666,13.434375000000001,Summer,Afternoon,1,3.0,2.0,2.0,7.0,Good
2024-06-02 18:30:00+00:00,12.9,812.0,66.0,2.1,medlock_bridge,24.0,986.7,1.9,98.0,-30.0,-45.666666666666664,1,12.875000000000002,13.212499999999999,13.430208333333333,Summer,Afternoon,1,3.0,2.0,2.0,7.0,Good
2024-06-02 18:45:00+00:00,13.0,806.0,66.0,1.8,medlock_bridge,24.0,986.7,1.9,98.0,-30.0,-40.333333333333336,1,12.883333333333335,13.19375,13.427083333333334,Summer,Afternoon,1,3.0,2.0,2.0,7.0,Good
2024-06-02 19:00:00+00:00,13.0,791.0,66.0,1.8,medlock_bridge,25.3,985.9,0.3,26.0,-32.0,-41.666666666666664,1,12.891666666666667,13.174999999999999,13.423958333333333,Summer,Afternoon,1,3.0,1.0,2.0,6.0,Good
2024-06-02 19:15:00+00:00,13.1,793.0,66.0,2.0,medlock_bridge,25.3,985.9,0.3,26.0,-24.0,-37.333333333333336,1,12.908333333333333,13.158333333333333,13.421875,Summer,Afternoon,1,3.0,1.0,2.0,6.0,Good
2024-06-02 19:30:00+00:00,13.1,788.0,67.0,1.9,medlock_bridge,25.3,985.9,0.3,26.0,-24.0,-32.0,1,12.924999999999999,13.141666666666666,13.419791666666667,Summer,Afternoon,1,3.0,1.0,2.0,6.0,Good
2024-06-02 19:45:00+00:00,13.1,781.0,67.0,2.0,medlock_bridge,25.3,985.9,0.3,26.0,-25.0,-30.0,1,12.950000000000001,13.127083333333333,13.417708333333332,Summer,Afternoon,1,3.0,1.0,2.0,6.0,Good
2024-06-02 20:00:00+00:00,13.1,774.0,67.0,1.8,medlock_bridge,27.4,985.0,0.2,100.0,-17.0,-28.666666666666668,1,12.975,13.112500000000002,13.415625,Summer,Afternoon,1,3.0,1.0,2.0,6.0,Good
2024-06-02 20:15:00+00:00,13.1,776.0,67.0,1.9,medlock_bridge,27.4,985.0,0.2,100.0,-17.0,-26.333333333333332,1,13.0,13.097916666666665,13.413541666666667,Summer,Afternoon,1,3.0,1.0,2.0,6.0,Good
2024-06-02 20:30:00+00:00,13.2,777.0,67.0,1.9,medlock_bridge,27.4,985.0,0.2,100.0,-11.0,-21.666666666666668,1,13.025,13.0875,13.412500000000001,Summer,Afternoon,1,3.0,1.0,2.0,6.0,Good
2024-06-02 20:45:00+00:00,13.3,770.0,68.0,1.8,medlock_bridge,27.4,985.0,0.2,100.0,-11.0,-22.0,1,13.058333333333335,13.079166666666666,13.4125,Summer,Afternoon,1,3.0,1.0,2.0,6.0,Good
2024-06-02 21:00:00+00:00,13.3,762.0,68.0,1.8,medlock_bridge,27.6,984.2,0.0,100.0,-12.0,-20.333333333333332,1,13.091666666666667,13.072916666666666,13.411458333333334,Summer,Evening,1,3.0,1.0,2.0,6.0,Good
2024-06-02 21:15:00+00:00,13.4,763.0,68.0,2.0,medlock_bridge,27.6,984.2,0.0,100.0,-13.0,-18.0,1,13.133333333333333,13.06875,13.411458333333334,Summer,Evening,1,3.0,1.0,2.0,6.0,Good
2024-06-02 21:30:00+00:00,13.5,757.0,68.0,1.7,medlock_bridge,27.6,984.2,0.0,100.0,-20.0,-18.333333333333332,1,13.183333333333332,13.066666666666668,13.412500000000001,Summer,Evening,1,3.0,1.0,2.0,6.0,Good
2024-06-02 21:45:00+00:00,13.5,757.0,69.0,1.8,medlock_bridge,27.6,984.2,0.0,100.0,-13.0,-16.333333333333332,1,13.225,13.066666666666668,13.413541666666667,Summer,Evening,1,3.0,1.0,2.0,6.0,Good
2024-06-02 22:00:00+00:00,13.6,751.0,69.0,1.8,medlock_bridge,23.2,984.8,0.7,32.0,-11.0,-13.333333333333334,1,13.274999999999999,13.068750000000001,13.415624999999999,Summer,Evening,1,3.0,1.0,2.0,6.0,Good
2024-06-02 22:15:00+00:00,13.6,751.0,69.0,1.9,medlock_bridge,23.2,984.8,0.7,32.0,-12.0,-14.0,1,13.316666666666665,13.072916666666666,13.417708333333335,Summer,Evening,1,3.0,1.0,2.0,6.0,Good
2024-06-02 22:30:00+00:00,13.7,753.0,69.0,1.8,medlock_bridge,23.2,984.8,0.7,32.0,-4.0,-11.666666666666666,1,13.366666666666667,13.079166666666666,13.419791666666667,Summer,Evening,1,3.0,1.0,2.0,6.0,Good
2024-06-02 22:45:00+00:00,13.7,753.0,70.0,2.0,medlock_bridge,23.2,984.8,0.7,32.0,-4.0,-9.333333333333334,1,13.416666666666666,13.0875,13.421875,Summer,Evening,1,3.0,1.0,2.0,6.0,Good
2024-06-02 23:00:00+00:00,13.8,753.0,70.0,1.9,medlock_bridge,23.5,984.5,0.1,34.0,2.0,-7.0,1,13.475000000000001,13.097916666666665,13.424999999999999,Summer,Evening,1,3.0,1.0,2.0,6.0,Good
2024-06-02 23:15:00+00:00,13.8,745.0,70.0,1.9,medlock_bridge,23.5,984.5,0.1,34.0,-6.0,-10.333333333333334,1,13.533333333333331,13.110416666666667,13.427083333333334,Summer,Evening,1,3.0,1.0,2.0,6.0,Good
2024-06-02 23:30:00+00:00,13.8,730.0,71.0,2.0,medlock_bridge,23.5,984.5,0.1,34.0,-23.0,-15.666666666666666,1,13.583333333333334,13.122916666666667,13.429166666666667,Summer,Evening,1,3.0,1.0,2.0,6.0,Good
2024-06-02 23:45:00+00:00,13.8,723.0,71.0,1.7,medlock_bridge,23.5,984.5,0.1,34.0,-30.0,-15.666666666666666,1,13.625,13.135416666666666,13.43125,Summer,Evening,1,3.0,1.0,2.0,6.0,Good
2024-06-03 00:00:00+00:00,13.9,726.0,71.0,1.7,medlock_bridge,22.8,984.6,0.0,18.0,-27.0,-12.0,1,13.674999999999999,13.152083333333335,13.434375000000001,Summer,Evening,1,3.0,1.0,2.0,6.0,Good
2024-06-03 00:15:00+00:00,13.9,720.0,72.0,1.7,medlock_bridge,22.8,984.6,0.0,18.0,-25.0,-14.333333333333334,1,13.716666666666667,13.168750000000001,13.4375,Summer,Evening,1,3.0,1.0,2.0,6.0,Good
2024-06-03 00:30:00+00:00,13.9,713.0,72.0,1.7,medlock_bridge,22.8,984.6,0.0,18.0,-17.0,-14.666666666666666,1,13.75,13.1875,13.439583333333333,Summer,Evening,1,3.0,1.0,2.0,6.0,Good
2024-06-03 00:45:00+00:00,14.0,714.0,72.0,1.7,medlock_bridge,22.8,984.6,0.0,18.0,-9.0,-14.333333333333334,1,13.791666666666666,13.208333333333334,13.442708333333334,Summer,Evening,1,3.0,1.0,2.0,6.0,Good
2024-06-03 01:00:00+00:00,14.0,708.0,73.0,1.7,medlock_bridge,20.7,985.1,0.0,60.0,-18.0,-14.333333333333334,1,13.825000000000001,13.229166666666666,13.445833333333333,Summer,Evening,1,3.0,1.0,2.0,6.0,Good
2024-06-03 01:15:00+00:00,14.0,708.0,73.0,1.7,medlock_bridge,20.7,985.1,0.0,60.0,-12.0,-14.333333333333334,1,13.858333333333334,13.25,13.448958333333335,Summer,Evening,1,3.0,1.0,2.0,6.0,Good
2024-06-03 01:30:00+00:00,14.0,710.0,73.0,1.8,medlock_bridge,20.7,985.1,0.0,60.0,-3.0,-14.333333333333334,1,13.883333333333333,13.270833333333334,13.452083333333334,Summer,Evening,1,3.0,1.0,2.0,6.0,Good
2024-06-03 01:45:00+00:00,14.0,710.0,73.0,1.9,medlock_bridge,20.7,985.1,0.0,60.0,-4.0,-14.333333333333334,1,13.908333333333333,13.291666666666666,13.454166666666667,Summer,Evening,1,3.0,1.0,2.0,6.0,Good
2024-06-03 02:00:00+00:00,14.1,725.0,74.0,1.7,medlock_bridge,19.8,985.7,0.2,36.0,17.0,-9.333333333333334,1,13.933333333333332,13.316666666666668,13.457291666666665,Summer,Night,1,3.0,1.0,2.0,6.0,Good
2024-06-03 02:15:00+00:00,14.1,732.0,74.0,1.7,medlock_bridge,19.8,985.7,0.2,36.0,24.0,-4.333333333333333,1,13.958333333333334,13.341666666666669,13.460416666666667,Summer,Night,1,3.0,1.0,2.0,6.0,Good
2024-06-03 02:30:00+00:00,14.1,737.0,74.0,1.7,medlock_bridge,19.8,985.7,0.2,36.0,27.0,2.3333333333333335,1,13.983333333333334,13.366666666666665,13.463541666666666,Summer,Night,1,3.0,1.0,2.0,6.0,Good
2024-06-03 02:45:00+00:00,14.2,743.0,74.0,1.7,medlock_bridge,19.8,985.7,0.2,36.0,33.0,6.666666666666667,1,14.016666666666666,13.393749999999999,13.467708333333334,Summer,Night,1,3.0,1.0,2.0,6.0,Good
2024-06-03 03:00:00+00:00,14.2,757.0,75.0,1.9,medlock_bridge,18.7,985.4,0.2,48.0,32.0,10.333333333333334,1,14.041666666666666,13.420833333333334,13.471875000000002,Summer,Night,1,3.0,1.0,2.0,6.0,Good
2024-06-03 03:15:00+00:00,14.2,787.0,75.0,2.0,medlock_bridge,18.7,985.4,0.2,48.0,55.0,22.333333333333332,1,14.066666666666668,13.447916666666666,13.475,Summer,Night,1,3.0,1.0,2.0,6.0,Good
2024-06-03 03:30:00+00:00,14.2,807.0,75.0,2.0,medlock_bridge,18.7,985.4,0.2,48.0,70.0,31.333333333333332,1,14.091666666666667,13.475000000000001,13.478124999999999,Summer,Night,1,3.0,2.0,2.0,7.0,Good
2024-06-03 03:45:00+00:00,14.3,817.0,75.0,2.0,medlock_bridge,18.7,985.4,0.2,48.0,74.0,34.333333333333336,1,14.116666666666667,13.504166666666665,13.482291666666667,Summer,Night,1,3.0,2.0,2.0,7.0,Good
2024-06-03 04:00:00+00:00,14.3,836.0,75.0,2.2,medlock_bridge,18.4,985.6,1.1,47.0,79.0,42.666666666666664,1,14.141666666666666,13.533333333333333,13.486458333333333,Summer,Night,1,3.0,2.0,2.0,7.0,Good
2024-06-03 04:15:00+00:00,14.3,857.0,75.0,2.2,medlock_bridge,18.4,985.6,1.1,47.0,70.0,49.666666666666664,1,14.166666666666666,13.5625,13.490625000000001,Summer,Night,1,3.0,2.0,2.0,7.0,Good
2024-06-03 04:30:00+00:00,14.4,877.0,75.0,2.4,medlock_bridge,18.4,985.6,1.1,47.0,70.0,55.666666666666664,1,14.200000000000001,13.59375,13.495833333333332,Summer,Night,1,3.0,2.0,2.0,7.0,Good
2024-06-03 04:45:00+00:00,14.4,913.0,75.0,2.2,medlock_bridge,18.4,985.6,1.1,47.0,96.0,67.66666666666667,1,14.233333333333334,13.627083333333331,13.501041666666666,Summer,Night,1,3.0,2.0,2.0,7.0,Good
2024-06-03 05:00:00+00:00,14.4,968.0,76.0,2.2,medlock_bridge,18.5,984.8,0.0,8.0,132.0,81.0,1,14.258333333333333,13.660416666666668,13.506250000000001,Summer,Night,1,3.0,2.0,2.0,7.0,Good
2024-06-03 05:15:00+00:00,14.5,1040.0,75.0,2.1,medlock_bridge,18.5,984.8,0.0,8.0,183.0,102.66666666666667,1,14.291666666666666,13.695833333333335,13.511458333333335,Summer,Night,1,3.0,2.0,2.0,7.0,Good
2024-06-03 05:30:00+00:00,14.5,1150.0,75.0,2.4,medlock_bridge,18.5,984.8,0.0,8.0,273.0,137.66666666666666,0,14.324999999999998,13.729166666666666,13.516666666666667,Summer,Night,1,3.0,2.0,2.0,7.0,Good
2024-06-03 05:45:00+00:00,14.5,1320.0,75.0,2.8,medlock_bridge,18.5,984.8,0.0,8.0,407.0,192.33333333333334,0,14.35,13.762500000000001,13.521875000000001,Summer,Night,1,3.0,2.0,2.0,7.0,Good
2024-06-03 06:00:00+00:00,14.6,1500.0,75.0,3.1,medlock_bridge,18.1,984.6,0.0,17.0,532.0,247.66666666666666,0,14.383333333333335,13.797916666666666,13.528125000000001,Summer,Night,1,3.0,2.0,2.0,7.0,Good
2024-06-03 06:15:00+00:00,14.6,1690.0,74.0,3.6,medlock_bridge,18.1,984.6,0.0,17.0,650.0,301.0,0,14.416666666666666,13.833333333333334,13.534374999999999,Summer,Night,1,3.0,2.0,2.0,7.0,Good
2024-06-03 06:30:00+00:00,14.6,1850.0,74.0,4.7,medlock_bridge,18.1,984.6,0.0,17.0,700.0,347.6666666666667,0,14.450000000000001,13.86875,13.540625,Summer,Night,1,3.0,2.0,2.0,7.0,Good
2024-06-03 06:45:00+00:00,14.6,2010.0,73.0,5.3,medlock_bridge,18.1,984.6,0.0,17.0,690.0,397.6666666666667,0,14.475,13.902083333333335,13.547916666666666,Summer,Night,1,3.0,1.0,1.0,5.0,Good
2024-06-03 07:00:00+00:00,14.6,2140.0,72.0,5.7,medlock_bridge,18.0,984.0,0.0,4.0,640.0,434.6666666666667,0,14.5,13.935416666666669,13.555208333333335,Summer,Night,1,3.0,1.0,1.0,5.0,Good
2024-06-03 07:15:00+00:00,14.5,2240.0,71.0,6.7,medlock_bridge,18.0,984.0,0.0,4.0,550.0,461.0,0,14.516666666666666,13.964583333333335,13.561458333333334,Summer,Night,1,3.0,1.0,1.0,5.0,Good
2024-06-03 07:30:00+00:00,14.4,2310.0,71.0,7.1,medlock_bridge,18.0,984.0,0.0,4.0,460.0,477.6666666666667,0,14.516666666666666,13.991666666666667,13.566666666666665,Summer,Night,1,3.0,1.0,1.0,5.0,Good
2024-06-03 07:45:00+00:00,14.3,2370.0,70.0,8.0,medlock_bridge,18.0,984.0,0.0,4.0,360.0,485.6666666666667,0,14.508333333333333,14.016666666666666,13.571874999999999,Summer,Night,1,3.0,1.0,1.0,5.0,Good
2024-06-03 08:00:00+00:00,14.2,2390.0,70.0,7.9,medlock_bridge,16.9,984.4,0.0,21.0,250.0,474.0,0,14.491666666666667,14.039583333333333,13.576041666666667,Summer,Night,1,3.0,1.0,1.0,5.0,Good
2024-06-03 08:15:00+00:00,14.1,2400.0,69.0,8.8,medlock_bridge,16.9,984.4,0.0,21.0,160.0,453.3333333333333,1,14.458333333333334,14.060416666666669,13.579166666666667,Summer,Night,1,3.0,1.0,1.0,5.0,Good
2024-06-03 08:30:00+00:00,14.0,2390.0,69.0,8.5,medlock_bridge,16.9,984.4,0.0,21.0,80.0,413.3333333333333,1,14.416666666666666,14.077083333333334,13.582291666666668,Summer,Night,1,3.0,1.0,1.0,5.0,Good
2024-06-03 08:45:00+00:00,14.0,2390.0,68.0,8.3,medlock_bridge,16.9,984.4,0.0,21.0,20.0,356.6666666666667,1,14.375,14.091666666666669,13.585416666666667,Summer,Night,1,3.0,1.0,1.0,5.0,Good
2024-06-03 09:00:00+00:00,13.9,2370.0,68.0,8.0,medlock_bridge,17.6,984.4,0.0,8.0,-20.0,290.0,1,14.316666666666665,14.104166666666666,13.588541666666666,Summer,Morning,1,3.0,1.0,1.0,5.0,Good
2024-06-03 09:15:00+00:00,13.8,2340.0,67.0,8.3,medlock_bridge,17.6,984.4,0.0,8.0,-60.0,216.66666666666666,1,14.25,14.112499999999999,13.590624999999998,Summer,Morning,1,3.0,1.0,1.0,5.0,Good
2024-06-03 09:30:00+00:00,13.8,2320.0,67.0,8.0,medlock_bridge,17.6,984.4,0.0,8.0,-70.0,156.66666666666666,1,14.183333333333332,14.11875,13.592708333333334,Summer,Morning,1,3.0,1.0,1.0,5.0,Good
2024-06-03 09:45:00+00:00,13.7,2270.0,66.0,8.5,medlock_bridge,17.6,984.4,0.0,8.0,-120.0,86.66666666666667,1,14.108333333333334,14.122916666666667,13.594791666666666,Summer,Morning,1,3.0,1.0,1.0,5.0,Good
2024-06-03 10:00:00+00:00,13.7,2240.0,65.0,8.9,medlock_bridge,17.5,985.3,0.1,92.0,-130.0,33.333333333333336,1,14.033333333333333,14.125,13.596874999999999,Summer,Morning,1,3.0,1.0,1.0,5.0,Good
2024-06-03 10:15:00+00:00,13.6,2210.0,65.0,8.5,medlock_bridge,17.5,985.3,0.1,92.0,-130.0,-10.0,1,13.958333333333334,14.125,13.598958333333334,Summer,Morning,1,3.0,1.0,1.0,5.0,Good
2024-06-03 10:30:00+00:00,13.6,2160.0,64.0,8.6,medlock_bridge,17.5,985.3,0.1,92.0,-160.0,-50.0,1,13.891666666666667,14.122916666666667,13.601041666666667,Summer,Morning,1,3.0,1.0,1.0,5.0,Good
2024-06-03 10:45:00+00:00,13.5,2120.0,64.0,9.2,medlock_bridge,17.5,985.3,0.1,92.0,-150.0,-83.33333333333333,1,13.825000000000001,14.118749999999999,13.603125,Summer,Morning,1,3.0,1.0,1.0,5.0,Good
2024-06-03 11:00:00+00:00,13.4,2080.0,64.0,9.1,medlock_bridge,18.0,985.4,0.1,24.0,-160.0,-103.33333333333333,1,13.758333333333333,14.110416666666667,13.604166666666666,Summer,Morning,1,3.0,1.0,1.0,5.0,Good
2024-06-03 11:15:00+00:00,13.3,2040.0,64.0,9.2,medlock_bridge,18.0,985.4,0.1,24.0,-170.0,-120.0,1,13.691666666666668,14.1,13.605208333333335,Summer,Morning,1,3.0,1.0,1.0,5.0,Good
2024-06-03 11:30:00+00:00,13.2,1990.0,64.0,8.7,medlock_bridge,18.0,985.4,0.1,24.0,-170.0,-133.33333333333334,1,13.625,14.0875,13.605208333333335,Summer,Morning,1,3.0,2.0,1.0,6.0,Good
2024-06-03 11:45:00+00:00,13.1,1950.0,64.0,8.7,medlock_bridge,18.0,985.4,0.1,24.0,-170.0,-146.66666666666666,1,13.550000000000002,14.072916666666666,13.604166666666666,Summer,Morning,1,3.0,2.0,1.0,6.0,Good
2024-06-03 12:00:00+00:00,13.1,1910.0,64.0,8.9,medlock_bridge,19.2,986.0,0.0,97.0,-170.0,-153.33333333333334,1,13.483333333333334,14.056249999999999,13.604166666666666,Summer,Morning,1,3.0,2.0,1.0,6.0,Good
2024-06-03 12:15:00+00:00,13.0,1870.0,64.0,8.2,medlock_bridge,19.2,986.0,0.0,97.0,-170.0,-156.66666666666666,1,13.416666666666666,14.0375,13.603124999999999,Summer,Morning,1,3.0,2.0,1.0,6.0,Good
2024-06-03 12:30:00+00:00,12.9,1820.0,64.0,8.3,medlock_bridge,19.2,986.0,0.0,97.0,-170.0,-166.66666666666666,1,13.341666666666669,14.016666666666666,13.602083333333333,Summer,Morning,1,3.0,2.0,1.0,6.0,Good
2024-06-03 12:45:00+00:00,12.9,1780.0,64.0,8.5,medlock_bridge,19.2,986.0,0.0,97.0,-170.0,-163.33333333333334,1,13.274999999999999,13.99375,13.601041666666667,Summer,Morning,1,3.0,2.0,1.0,6.0,Good
2024-06-03 13:00:00+00:00,12.9,1740.0,64.0,8.4,medlock_bridge,21.6,985.9,0.0,100.0,-170.0,-166.66666666666666,1,13.208333333333334,13.970833333333333,13.6,Summer,Morning,1,3.0,2.0,1.0,6.0,Good
2024-06-03 13:15:00+00:00,12.9,1720.0,65.0,9.3,medlock_bridge,21.6,985.9,0.0,100.0,-150.0,-163.33333333333334,1,13.15,13.947916666666666,13.598958333333334,Summer,Morning,1,3.0,2.0,1.0,6.0,Good
2024-06-03 13:30:00+00:00,12.9,1680.0,65.0,9.5,medlock_bridge,21.6,985.9,0.0,100.0,-140.0,-160.0,1,13.091666666666667,13.924999999999999,13.597916666666665,Summer,Morning,1,3.0,2.0,1.0,6.0,Good
2024-06-03 13:45:00+00:00,12.9,1630.0,65.0,10.4,medlock_bridge,21.6,985.9,0.0,100.0,-150.0,-163.33333333333334,1,13.041666666666666,13.902083333333332,13.596874999999999,Summer,Morning,1,3.0,2.0,1.0,6.0,Good
2024-06-03 14:00:00+00:00,13.0,1600.0,66.0,10.8,medlock_bridge,23.4,985.9,0.0,99.0,-140.0,-160.0,1,13.008333333333335,13.879166666666665,13.597916666666668,Summer,Morning,1,3.0,2.0,1.0,6.0,Good
2024-06-03 14:15:00+00:00,13.1,1570.0,67.0,12.1,medlock_bridge,23.4,985.9,0.0,99.0,-150.0,-156.66666666666666,1,12.991666666666667,13.858333333333333,13.6,Summer,Morning,1,3.0,2.0,1.0,6.0,Good
2024-06-03 14:30:00+00:00,13.2,1530.0,67.0,13.2,medlock_bridge,23.4,985.9,0.0,99.0,-150.0,-153.33333333333334,1,12.991666666666667,13.839583333333335,13.603124999999999,Summer,Morning,1,3.0,2.0,1.0,6.0,Good
2024-06-03 14:45:00+00:00,13.3,1510.0,68.0,15.2,medlock_bridge,23.4,985.9,0.0,99.0,-120.0,-146.66666666666666,1,13.008333333333333,13.820833333333333,13.607291666666667,Summer,Morning,1,3.0,2.0,0.0,5.0,Good
2024-06-03 15:00:00+00:00,13.4,1470.0,68.0,15.2,medlock_bridge,25.0,985.9,0.0,13.0,-130.0,-146.66666666666666,1,13.033333333333333,13.804166666666665,13.612499999999999,Summer,Afternoon,1,3.0,2.0,0.0,5.0,Good
2024-06-03 15:15:00+00:00,13.6,1450.0,69.0,15.5,medlock_bridge,25.0,985.9,0.0,13.0,-120.0,-140.0,1,13.083333333333334,13.791666666666666,13.619791666666666,Summer,Afternoon,1,3.0,2.0,0.0,5.0,Good
2024-06-03 15:30:00+00:00,13.7,1410.0,69.0,16.7,medlock_bridge,25.0,985.9,0.0,13.0,-120.0,-136.66666666666666,1,13.149999999999999,13.78125,13.628124999999999,Summer,Afternoon,1,3.0,2.0,0.0,5.0,Good
2024-06-03 15:45:00+00:00,13.9,1390.0,70.0,18.9,medlock_bridge,25.0,985.9,0.0,13.0,-120.0,-130.0,1,13.233333333333334,13.772916666666667,13.638541666666667,Summer,Afternoon,1,3.0,2.0,0.0,5.0,Good
2024-06-03 16:00:00+00:00,14.0,1360.0,70.0,17.5,medlock_bridge,26.1,985.5,0.0,99.0,-110.0,-126.66666666666667,1,13.325000000000001,13.766666666666666,13.65,Summer,Afternoon,1,3.0,2.0,0.0,5.0,Good
2024-06-03 16:15:00+00:00,14.2,1330.0,70.0,17.4,medlock_bridge,26.1,985.5,0.0,99.0,-120.0,-130.0,1,13.433333333333332,13.764583333333334,13.663541666666667,Summer,Afternoon,1,3.0,2.0,0.0,5.0,Good
2024-06-03 16:30:00+00:00,14.3,1310.0,70.0,19.4,medlock_bridge,26.1,985.5,0.0,99.0,-100.0,-123.33333333333333,1,13.549999999999999,13.762500000000001,13.678125000000001,Summer,Afternoon,1,3.0,2.0,0.0,5.0,Good
2024-06-03 16:45:00+00:00,14.4,1280.0,70.0,18.7,medlock_bridge,26.1,985.5,0.0,99.0,-110.0,-116.66666666666667,1,13.674999999999999,13.762500000000001,13.694791666666665,Summer,Afternoon,1,3.0,2.0,0.0,5.0,Good
2024-06-03 17:00:00+00:00,14.6,1260.0,70.0,19.2,medlock_bridge,26.6,984.8,0.1,100.0,-100.0,-113.33333333333333,1,13.808333333333332,13.766666666666666,13.713541666666666,Summer,Afternoon,1,3.0,2.0,0.0,5.0,Good
2024-06-03 17:15:00+00:00,14.7,1240.0,69.0,21.1,medlock_bridge,26.6,984.8,0.1,100.0,-90.0,-110.0,1,13.941666666666665,13.770833333333334,13.733333333333334,Summer,Afternoon,1,3.0,2.0,0.0,5.0,Good
2024-06-03 17:30:00+00:00,14.8,1220.0,69.0,19.2,medlock_bridge,26.6,984.8,0.1,100.0,-90.0,-103.33333333333333,1,14.075000000000001,13.777083333333332,13.753124999999999,Summer,Afternoon,1,3.0,2.0,0.0,5.0,Good
2024-06-03 17:45:00+00:00,15.0,1200.0,69.0,19.5,medlock_bridge,26.6,984.8,0.1,100.0,-80.0,-103.33333333333333,1,14.216666666666667,13.7875,13.775,Summer,Afternoon,1,3.0,2.0,0.0,5.0,Good
2024-06-03 18:00:00+00:00,15.1,1190.0,68.0,20.0,medlock_bridge,27.2,984.2,0.0,100.0,-70.0,-93.33333333333333,1,14.358333333333333,13.797916666666667,13.797916666666666,Summer,Afternoon,1,3.0,2.0,0.0,5.0,Good
2024-06-03 18:15:00+00:00,15.2,1170.0,68.0,17.9,medlock_bridge,27.2,984.2,0.0,100.0,-70.0,-93.33333333333333,1,14.491666666666667,13.810416666666667,13.821875,Summer,Afternoon,1,3.0,2.0,0.0,5.0,Good
2024-06-03 18:30:00+00:00,15.3,1150.0,67.0,19.4,medlock_bridge,27.2,984.2,0.0,100.0,-70.0,-86.66666666666667,1,14.625,13.825000000000001,13.846874999999999,Summer,Afternoon,1,3.0,2.0,0.0,5.0,Good
2024-06-03 18:45:00+00:00,15.4,1130.0,67.0,19.9,medlock_bridge,27.2,984.2,0.0,100.0,-70.0,-86.66666666666667,1,14.75,13.841666666666667,13.871875000000001,Summer,Afternoon,1,3.0,2.0,0.0,5.0,Good
2024-06-03 19:00:00+00:00,15.5,1120.0,67.0,17.6,medlock_bridge,27.8,983.3,0.0,100.0,-70.0,-80.0,1,14.875,13.860416666666666,13.897916666666667,Summer,Afternoon,1,3.0,2.0,0.0,5.0,Good
2024-06-03 19:15:00+00:00,15.6,1110.0,66.0,18.2,medlock_bridge,27.8,983.3,0.0,100.0,-60.0,-73.33333333333333,1,14.991666666666667,13.883333333333333,13.923958333333333,Summer,Afternoon,1,3.0,2.0,0.0,5.0,Good
2024-06-03 19:30:00+00:00,15.7,1090.0,66.0,16.4,medlock_bridge,27.8,983.3,0.0,100.0,-60.0,-73.33333333333333,1,15.108333333333334,13.910416666666665,13.951041666666667,Summer,Afternoon,1,3.0,2.0,0.0,5.0,Good
2024-06-03 19:45:00+00:00,15.8,1080.0,66.0,15.4,medlock_bridge,27.8,983.3,0.0,100.0,-50.0,-66.66666666666667,1,15.225,13.941666666666668,13.979166666666666,Summer,Afternoon,1,3.0,2.0,0.0,5.0,Good
2024-06-03 20:00:00+00:00,15.9,1070.0,66.0,15.8,medlock_bridge,27.4,982.5,0.0,100.0,-50.0,-63.333333333333336,1,15.333333333333334,13.977083333333333,14.008333333333333,Summer,Afternoon,1,3.0,2.0,0.0,5.0,Good
2024-06-03 20:15:00+00:00,16.0,1050.0,67.0,15.2,medlock_bridge,27.4,982.5,0.0,100.0,-60.0,-63.333333333333336,1,15.441666666666668,14.016666666666666,14.038541666666667,Summer,Afternoon,1,3.0,2.0,0.0,5.0,Good
2024-06-03 20:30:00+00:00,16.0,1040.0,67.0,14.9,medlock_bridge,27.4,982.5,0.0,100.0,-50.0,-60.0,1,15.541666666666666,14.058333333333332,14.067708333333334,Summer,Afternoon,1,3.0,2.0,1.0,6.0,Good
2024-06-03 20:45:00+00:00,16.1,1030.0,67.0,14.0,medlock_bridge,27.4,982.5,0.0,100.0,-50.0,-56.666666666666664,1,15.633333333333333,14.102083333333333,14.096874999999999,Summer,Afternoon,1,3.0,2.0,1.0,6.0,Good
2024-06-03 21:00:00+00:00,16.1,1030.0,67.0,13.0,medlock_bridge,28.1,982.0,0.0,54.0,-40.0,-53.333333333333336,1,15.716666666666669,14.147916666666667,14.126041666666667,Summer,Evening,1,3.0,2.0,1.0,6.0,Good
2024-06-03 21:15:00+00:00,16.2,1020.0,68.0,12.7,medlock_bridge,28.1,982.0,0.0,54.0,-30.0,-50.0,1,15.799999999999999,14.197916666666666,14.155208333333333,Summer,Evening,1,3.0,2.0,1.0,6.0,Good
2024-06-03 21:30:00+00:00,16.2,1020.0,68.0,12.1,medlock_bridge,28.1,982.0,0.0,54.0,-20.0,-43.333333333333336,1,15.875,14.247916666666667,14.183333333333332,Summer,Evening,1,3.0,2.0,1.0,6.0,Good
2024-06-03 21:45:00+00:00,16.3,1020.0,68.0,11.5,medlock_bridge,28.1,982.0,0.0,54.0,-10.0,-36.666666666666664,1,15.950000000000001,14.302083333333334,14.212499999999999,Summer,Evening,1,3.0,2.0,1.0,6.0,Good
2024-06-03 22:00:00+00:00,16.3,1010.0,68.0,11.9,medlock_bridge,25.8,982.0,0.9,51.0,-20.0,-36.666666666666664,1,16.016666666666666,14.356250000000001,14.240625000000001,Summer,Evening,1,3.0,2.0,1.0,6.0,Good
2024-06-03 22:15:00+00:00,16.4,1000.0,69.0,10.4,medlock_bridge,25.8,982.0,0.9,51.0,-20.0,-36.666666666666664,1,16.083333333333332,14.414583333333333,14.269791666666665,Summer,Evening,1,3.0,2.0,1.0,6.0,Good
2024-06-03 22:30:00+00:00,16.4,995.0,69.0,10.1,medlock_bridge,25.8,982.0,0.9,51.0,-25.0,-31.666666666666668,1,16.141666666666666,14.472916666666668,14.297916666666667,Summer,Evening,1,3.0,2.0,1.0,6.0,Good
2024-06-03 22:45:00+00:00,16.5,988.0,69.0,10.2,medlock_bridge,25.8,982.0,0.9,51.0,-32.0,-30.666666666666668,1,16.2,14.535416666666668,14.327083333333334,Summer,Evening,1,3.0,2.0,1.0,6.0,Good
2024-06-03 23:00:00+00:00,16.5,981.0,70.0,9.8,medlock_bridge,25.6,981.4,0.0,28.0,-29.0,-29.666666666666668,1,16.25,14.6,14.355208333333335,Summer,Evening,1,3.0,2.0,1.0,6.0,Good
2024-06-03 23:15:00+00:00,16.6,975.0,70.0,9.5,medlock_bridge,25.6,981.4,0.0,28.0,-25.0,-25.0,1,16.3,14.668750000000001,14.384374999999999,Summer,Evening,1,3.0,2.0,1.0,6.0,Good
2024-06-03 23:30:00+00:00,16.6,977.0,70.0,9.5,medlock_bridge,25.6,981.4,0.0,28.0,-18.0,-21.0,1,16.349999999999998,14.739583333333334,14.413541666666667,Summer,Evening,1,3.0,2.0,1.0,6.0,Good
2024-06-03 23:45:00+00:00,16.6,970.0,70.0,9.0,medlock_bridge,25.6,981.4,0.0,28.0,-18.0,-20.0,1,16.39166666666667,14.8125,14.442708333333334,Summer,Evening,1,3.0,2.0,1.0,6.0,Good
